RefSeq_INSDC	Accession	REP types	Description
AJ431260	AJ431260.1	IncP	Uncultured bacterium plasmid pB4 complete genome
AJ639924	AJ639924.1	IncP	Uncultured bacterium plasmid pB3 complete genome
AJ744860	AJ744860.1	IncP	uncultured bacterium pTB11 plasmid complete genome
AM157767	AM157767.1	rep_cluster_717	Uncultured bacterium IncP-1gamma plasmid QKH54 complete genome
AM261282	AM261282.1	IncP	Uncultured bacterium IncP-1 plasmid pKJK5 complete sequence
AY365053	AY365053.1	IncP	Ralstonia eutropha JMP134 plasmid pJP4, complete sequence
AY540995	AY540995.2	rep_cluster_1431	Achromobacter xylosoxidans subsp. denitrificans strain EST4002 plasmid pEST4011, complete sequence
CP000443	CP000443.1	IncP	Burkholderia ambifaria AMMD plasmid 1, complete sequence
CP000756	CP000756.1	rep_cluster_1599	Vibrio sp. 0908 plasmid p0908, complete sequence
CP002151	CP002151.1	IncP	Uncultured bacterium plasmid PB5, complete sequence
CP002152	CP002152.1	IncP	Uncultured bacterium plasmid PB11, complete sequence
CP002153	CP002153.1	IncP	Uncultured bacterium plasmid PSP21, complete sequence
CP002181	CP002181.1	rep_cluster_1297	Yersinia pestis Java 9 plasmid pJARS36, complete sequence
CP002441	CP002441.1	rep_cluster_1410	Neisseria gonorrhoeae TCDC-NG08107 plasmid pNGTCDC08107, complete sequence
CP003505	CP003505.2	IncP	Mycobacterium abscessus subsp. bolletii F1725 plasmid BRA100, complete sequence
CP021660	CP021660.1	NA	Candidatus Fukatsuia symbiotica strain 5D plasmid p5D_Fsymbiotica-1, complete sequence
CP021662	CP021662.1	NA	Candidatus Fukatsuia symbiotica strain 5D plasmid p5D_Fsymbiotica-3, complete sequence
EF079106	EF079106.1	IncP	Comamonas sp. CNB-1 plasmid pCNB, complete sequence
EF107516	EF107516.1	rep_cluster_620	Uncultured bacterium pMCBF6 plasmid pMCBF6, complete sequence
FN691998	FN691998.1	rep_cluster_1237	Photorhabdus asymbiotica plasmid pPAA3 complete sequence, strain Kingscliff
GQ983559	GQ983559.1	rep_cluster_1431	Uncultured bacterium pAKD4 plasmid pAKD4, complete sequence
GU479466	GU479466.1	rep_cluster_1410	Neisseria gonorrhoeae strain 5289 plasmid pEP5289, complete sequence
GU938458	GU938458.1	rep_cluster_1443	Xylella fastidiosa strain Riv16 plasmid pXF-RIV16, complete sequence
GU938459	GU938459.1	rep_cluster_1443	Xylella fastidiosa strain Riv19 plasmid pXF-RIV19, complete sequence
HG803186	HG803186.1	rep_cluster_1601	Vibrio vulnificus 48/10 plasmid p48/10 complete sequence
HQ891317	HQ891317.1	IncP	Delftia acidovorans strain CA28 plasmid pC1-1, complete sequence
JF274987	JF274987.1	IncP	Comamonas testosteroni plasmid pTB30, complete sequence
JF274988	JF274988.1	IncP	Delftia acidovorans plasmid pLME1, complete sequence
JF274989	JF274989.1	IncP	Comamonas testosteroni plasmid pI2, complete sequence
JF274990	JF274990.2	IncP	Delftia acidovorans plasmid pNB8c, complete sequence
JN106164	JN106164.1	IncP	Uncultured bacterium plasmid pAKD1, complete sequence
JN106165	JN106165.1	IncP	Uncultured bacterium plasmid pAKD14, complete sequence
JN106166	JN106166.1	IncP	Uncultured bacterium plasmid pAKD15, complete sequence
JN106167	JN106167.1	IncP	Uncultured bacterium plasmid pAKD16, complete sequence
JN106168	JN106168.1	IncP	Uncultured bacterium plasmid pAKD17, complete sequence
JN106169	JN106169.1	IncP	Uncultured bacterium plasmid pAKD18, complete sequence
JN106170	JN106170.1	IncP	Uncultured bacterium plasmid pAKD25, complete sequence
JN106171	JN106171.1	IncP	Uncultured bacterium plasmid pAKD26, complete sequence
JN106172	JN106172.1	IncP	Uncultured bacterium plasmid pAKD29, complete sequence
JN106173	JN106173.1	IncP	Uncultured bacterium plasmid pAKD31, complete sequence
JN106174	JN106174.1	IncP	Uncultured bacterium plasmid pAKD33, complete sequence
JN106175	JN106175.1	IncP	Uncultured bacterium plasmid pAKD34, complete sequence
JN648090	JN648090.1	IncP	Delftia sp. KV29 plasmid pKV29, complete sequence
JQ004406	JQ004406.1	IncP	Uncultured bacterium plasmid pHH128, complete sequence
JQ004407	JQ004407.1	IncP	Uncultured bacterium plasmid pHH3408, complete sequence
JQ004408	JQ004408.1	IncP	Uncultured bacterium plasmid pHH3414, complete sequence
JQ004409	JQ004409.1	IncP	Uncultured bacterium plasmid pKS77, complete sequence
JQ432563	JQ432563.1	rep_cluster_717	Uncultured bacterium plasmid pMBUI1, complete sequence
JQ432564	JQ432564.1	rep_cluster_777	Uncultured bacterium plasmid pKS208, complete sequence
JQ436721	JQ436721.1	IncP	Variovorax sp. DB1 plasmid pDB1, complete sequence
JQ436722	JQ436722.1	IncP	Ralstonia pickettii plasmid p712, complete sequence
JX194160	JX194160.1	rep_cluster_1382	Uncultured bacterium plasmid pM02_c6 clone c6, complete sequence
JX469826	JX469826.1	IncP	Uncultured bacterium plasmid pB12, complete sequence
JX469827	JX469827.1	IncP	Uncultured bacterium plasmid pEMT3, complete sequence
JX469828	JX469828.1	IncP	Uncultured bacterium plasmid pRSB223, complete sequence
JX469829	JX469829.1	IncP	Uncultured bacterium plasmid pB1, complete sequence
JX469830	JX469830.1	IncP	Uncultured bacterium plasmid pG527, complete sequence
JX469831	JX469831.1	IncP	Uncultured bacterium plasmid pKSP212, complete sequence
JX469832	JX469832.1	IncP	Burkholderia cepacia plasmid pYS1, complete sequence
JX469833	JX469833.1	IncP	Uncultured bacterium plasmid pWEC911, complete sequence
JX469834	JX469834.1	IncP	Uncultured bacterium plasmid pDS3, complete sequence
JX486125	JX486125.1	IncP	Uncultured bacterium plasmid pRWC72a, complete sequence
JX847411	JX847411.1	rep_cluster_1431	Burkholderia cepacia strain 2a plasmid pIJB1, complete sequence
KC170279	KC170279.1	IncP	Uncultured bacterium plasmid pMBUI8, complete sequence
KC170283	KC170283.1	rep_cluster_1242	Uncultured bacterium plasmid pDS1, complete sequence
KC771559	KC771559.1	IncP	Comamonas sp. 7D-2 plasmid pBHB, complete sequence
KC964605	KC964605.1	IncP	Uncultured bacterium plasmid pMLUA1, complete sequence
KC964606	KC964606.1	IncP	Uncultured bacterium plasmid pMLUA3, complete sequence
KC964607	KC964607.1	IncP	Uncultured bacterium plasmid pMLUA4, complete sequence
KF701335	KF701335.1	IncU,IncP	Escherichia coli strain HS102707 plasmid pHS102707, complete sequence
KF743817	KF743817.1	IncP	Proteus mirabilis plasmid R772, complete sequence
KF743818	KF743818.1	IncP	Bordetella bronchiseptica plasmid R906, complete sequence
KJ588780	KJ588780.1	IncP	Achromobacter xylosoxidans strain A22732 plasmid pA22732-IMP, complete sequence
KJ680225	KJ680225.1	rep_cluster_1198	Uncultured bacterium plasmid PLAsvaD clone PLAsvaD-1, complete sequence
KP008371	KP008371.1	IncU,IncFII,IncFII,IncR	Klebsiella pneumoniae strain 565 plasmid PKPCAPSS, complete sequence
KP289281	KP289281.1	IncP	Pseudomonas sp. EGD-AKN5 plasmid, complete sequence
KP324830	KP324830.1	rep_cluster_282,IncP,rep_cluster_312	Escherichia coli isolate FP671 plasmid pHNFP671, complete sequence
KT950740	KT950740.1	IncP,ColRNAI_rep_cluster_1857	Escherichia coli strain 10-Beta plasmid pJM50, complete sequence
KT950741	KT950741.1	ColRNAI_rep_cluster_1857,IncP	Escherichia coli strain 10-Beta plasmid pJM105, complete sequence
KU238092	KU238092.1	IncP	Uncultured bacterium plasmid pDTC28, complete sequence
KU356987	KU356987.1	IncP	Variovorax paradoxus plasmid pBS64, complete sequence
KU356988	KU356988.1	IncP	Variovorax paradoxus plasmid pHB44, complete sequence
KX377410	KX377410.1	IncP	Klebsiella pneumoniae strain WCHKP1511 plasmid pMCR_1511, complete sequence
KX580713	KX580713.1	IncP	Escherichia coli strain ZJ623 plasmid, complete sequence
KY352406	KY352406.1	IncP	Salmonella enterica subsp. enterica serovar Typhimurium strain YL14P053 plasmid pMCR16_P053, complete sequence
KY463452	KY463452.1	IncP	Escherichia coli strain WCHEC1622 plasmid pMCR_WCHEC1622, complete sequence
L27758	L27758.1	IncP	Pseudomonas aeruginosa plasmid Birmingham IncP-alpha, complete sequence
MF136778	MF136778.1	IncP	Escherichia coli strain HKSHmcr1_P2_EC plasmid pHKSHmcr1_P2_p1, complete sequence
MF489760	MF489760.1	IncP	Escherichia coli strain WCHEC-LL123 plasmid pMCR3_WCHEC-LL123, complete sequence
MF678351	MF678351.1	IncP	Escherichia coli strain WCHEC1943 plasmid pMCR3_WCHEC1943, complete sequence
MF978389	MF978389.1	IncP	Escherichia coli strain GDT6F36 plasmid pHNGDF36-1, complete sequence
MF990207	MF990207.1	IncP	Escherichia coli strain GDP6F1 plasmid pHNGDF1-1, complete sequence
MG552133	MG552133.1	IncP	Escherichia coli strain ECSC102 plasmid pECSC102, complete sequence
MG869619	MG869619.1	NA	Polaromonas sp. H1N plasmid pH1NP1, complete sequence
MG869620	MG869620.1	NA	Polaromonas sp. H6N plasmid pH6NP1, complete sequence
MG869625	MG869625.1	rep_cluster_1495	Polaromonas sp. W11N plasmid pW11NP2, complete sequence
MG879028	MG879028.1	IncP	Uncultured bacterium plasmid pEG1-1, complete sequence
MH053445	MH053445.1	IncP	Pseudomonas aeruginosa strain PA1280 plasmid pICP-4GES, complete sequence
CP000317	NC_007949.1	rep_cluster_944	Polaromonas sp. JS666 plasmid 1, complete sequence
CP000461	NC_008545.1	rep_cluster_1467	Burkholderia cenocepacia HI2424 plasmid 1, complete sequence
CP000530	NC_008757.1	IncP	Polaromonas naphthalenivorans CJ2 plasmid pPNAP01, complete sequence
CP000531	NC_008758.1	rep_cluster_1495	Polaromonas naphthalenivorans CJ2 plasmid pPNAP02, complete sequence
CP000534	NC_008761.1	rep_cluster_902	Polaromonas naphthalenivorans CJ2 plasmid pPNAP05, complete sequence
CP000543	NC_008771.1	rep_cluster_1555	Verminephrobacter eiseniae EF01-2 plasmid pVEIS01, complete sequence
CP000871	NC_010070.1	rep_cluster_1467	Burkholderia multivorans ATCC 17616 plasmid pBMUL01, complete sequence
AM747723	NC_011003.1	rep_cluster_1467	Burkholderia cenocepacia J2315 pBCJ2315 plasmid, complete genome
CP001507	NC_012720.2	rep_cluster_1449	Burkholderia glumae BGR1 plasmid bglu_3p, complete sequence
CP001505	NC_012723.1	rep_cluster_1467	Burkholderia glumae BGR1 plasmid bglu_1p, complete sequence
CP001897	NC_013852.1	rep_cluster_1270	Allochromatium vinosum DSM 180 plasmid pALVIN01, complete sequence
FP475957	NC_014144.1	rep_cluster_1248	Thiomonas sp. str. 3As plasmid pTHI, complete genome
CP002087	NC_014316.1	rep_cluster_1655	Nitrosococcus watsonii C-113 plasmid pNWAT01, complete sequence
CP002088	NC_014317.1	rep_cluster_1397	Nitrosococcus watsonii C-113 plasmid pNWAT02, complete sequence
CP002288	NC_014641.1	IncP	Achromobacter xylosoxidans A8 plasmid pA81, complete sequence
CP002451	NC_014911.1	IncP	Alicycliphilus denitrificans BC plasmid pALIDE02, complete sequence
CP001979	NC_017508.1	IncP	Marinobacter adhaerens HP15 plasmid pHP-42, complete sequence
FP340277	NC_017555.1	rep_cluster_1417	Xanthomonas albilineans str. GPE PC73, plasmid, complete genome
CP003381	NC_017858.1	IncP	Methylophaga frappieri strain JAM7 plasmid, complete sequence
CP003376	NC_020994.1	IncP	Mycobacterium abscessus subsp. bolletii INCQS 00594 plasmid pMAB01, complete sequence
CP006601	NC_021918.1	IncP	Cycloclasticus zancles 78-ME plasmid p7ME01, complete sequence
CP006788	NC_022650.1	rep_cluster_1368	Escherichia coli JJ1886 plasmid pJJ1886_4, complete sequence
CP005961	NZ_CP005961.1	NA	Pseudomonas mandelii JR-1 plasmid, complete sequence
CP006739	NZ_CP006739.1	rep_cluster_1443	Xylella fastidiosa MUL0034 plasmid unnamed2, complete sequence
CP009797	NZ_CP009797.1	IncP	Burkholderia ambifaria AMMD plasmid pBII_1, complete sequence
CP010312	NZ_CP010312.1	NA	Geoalkalibacter subterraneus strain Red1 plasmid pGSUB1, complete sequence
CP010416	NZ_CP010416.1	rep_cluster_1325	Azotobacter chroococcum NCIMB 8003 plasmid pAcX50a, complete sequence
CP010418	NZ_CP010418.1	rep_cluster_782	Azotobacter chroococcum NCIMB 8003 plasmid pAcX50c, complete sequence
CP011518	NZ_CP011518.2	NA	Pandoraea oxalativorans strain DSM 23570 plasmid pPO70-1, complete sequence
CP011920	NZ_CP011920.1	rep_cluster_1467	Burkholderia cenocepacia strain ST32 plasmid pBCEN1232, complete sequence
CP014312	NZ_CP014312.1	rep_cluster_1493	Burkholderia sp. PAMC 26561 plasmid unnamed5, complete sequence
CP014511	NZ_CP014511.1	NA	Burkholderia sp. PAMC 28687 strain PAMC28687 plasmid 4, complete sequence
CP014846	NZ_CP014846.1	IncP	Cupriavidus nantongensis strain X1 plasmid, complete sequence
CP015373	NZ_CP015373.1	IncP	Pandoraea pnomenusa strain MCB032 plasmid unnamed 2, complete sequence
CP017294	NZ_CP017294.1	IncP	Pseudomonas aeruginosa strain PA83 plasmid unnamed1, complete sequence
CP017455	NZ_CP017455.1	IncP	Dickeya solani strain PPO 9019 plasmid unnamed, complete sequence
CP017760	NZ_CP017760.1	IncP	Cupriavidus sp. NH9 plasmid pENH91, complete sequence
CP018468	NZ_CP018468.1	rep_cluster_156	Xanthomonas vesicatoria strain LM159 plasmid pLM159.1, complete sequence
CP018471	NZ_CP018471.1	IncP	Xanthomonas vesicatoria strain LM159 plasmid pLM159.2, complete sequence
CP018472	NZ_CP018472.1	rep_cluster_156	Xanthomonas perforans strain LH3 plasmid pLH3.1, complete sequence
CP018726	NZ_CP018726.1	rep_cluster_156	Xanthomonas vesicatoria ATCC 35937 strain LMG911 plasmid pLMG911.1, complete sequence
CP018729	NZ_CP018729.1	rep_cluster_156	Xanthomonas gardneri strain JS749-3 plasmid pJS749-3.1, complete sequence
CP018732	NZ_CP018732.1	rep_cluster_156	Xanthomonas gardneri strain ICMP7383 plasmid pICMP7383.1, complete sequence
CP018848	NZ_CP018848.1	rep_cluster_156	Xanthomonas citri pv. citri strain LL074-4 plasmid pLL074-4.1, complete sequence
CP018851	NZ_CP018851.1	rep_cluster_156	Xanthomonas citri pv. citri strain LJ207-7 plasmid pLJ207-7.1, complete sequence
CP018855	NZ_CP018855.1	rep_cluster_156	Xanthomonas citri pv. citri strain LH276 plasmid pLH276.1, complete sequence
CP018859	NZ_CP018859.1	rep_cluster_156	Xanthomonas citri pv. citri strain LH201 plasmid pLH201.1, complete sequence
CP019677	NZ_CP019677.1	rep_cluster_1467	Burkholderia cenocepacia strain VC1254 plasmid, complete sequence
CP020371	NZ_CP020371.1	NA	Candidatus Thiodictyon syntrophicum strain Cad16T plasmid pTs417, complete sequence
CP020416	NZ_CP020416.2	rep_cluster_1410	Neisseria gonorrhoeae strain FDAARGOS_205 plasmid unnamed1, complete sequence
CP021078	NZ_CP021078.1	IncP	Citrobacter braakii strain SCC4 plasmid pSCC4, complete sequence
CP021133	NZ_CP021133.1	rep_cluster_604	Pseudomonas fragi strain NMC25 plasmid unnamed1, complete sequence
CP021650	NZ_CP021650.1	IncP	Acidovorax sp. T1 plasmid p2-T1, complete sequence
CP021657	NZ_CP021657.1	rep_cluster_1450	Aeromonas salmonicida strain O23A plasmid pO23AP3, complete sequence
CP023286	NZ_CP023286.1	rep_cluster_156	Xanthomonas citri pv. citri strain 03-1638-1-1 plasmid pCuR, complete sequence
CP024128	NZ_CP024128.1	IncP	Escherichia coli strain 14EC001 plasmid p14EC001a, complete sequence
CP025711	NZ_CP025711.1	NA	Escherichia coli strain YDC107 plasmid pYDC107_41, complete sequence
NZ_CP026191	NZ_CP026191.1	NA	Enterobacteriaceae bacterium ENNIH2 plasmid pENT-6b61, complete sequence
CP026268	NZ_CP026268.1	IncP	Aminobacter sp. MSH1 plasmid pBAM1, complete sequence
CP026318	NZ_CP026318.1	rep_cluster_1599	Vibrio campbellii strain BoB-90 plasmid unnamed 2, complete sequence
CP027203	NZ_CP027203.1	IncP	Escherichia coli strain WCHEC025943 plasmid pMCR3_025943, complete sequence
NZ_CP027479	NZ_CP027479.1	NA	Pseudomonas koreensis strain P19E3 plasmid p2, complete sequence
CP027861	NZ_CP027861.1	NA	Xanthomonadales bacterium D13 plasmid unnamed, complete sequence
CP028340	NZ_CP028340.1	IncP	Thauera aromatica K172 plasmid pKJK172, complete sequence
CP028967	NZ_CP028967.1	IncP	Aminobacter sp. MSH1 plasmid pBAM1, complete sequence
U66917	U66917.2	IncP	Pseudomonas sp. ADP atrazine catabolic plasmid pADP-1, complete sequence
U67194	U67194.4	IncP	Enterobacter aerogenes plasmid R751, complete sequence
