	identifier	number_genomes	gene	Length	Annotation
21	BN000925.1_prot_CAJ85684.1_20	751	trfA	382	BN000925.1_prot_CAJ85684.1_20 [gene=trfA] [db_xref=InterPro:IPR010751,UniProtKB/TrEMBL:A6H936] [protein=TrfA replication protein] [protein_id=CAJ85684.1] [location=complement(16521..17669)] [gbkey=CDS]
22	BN000925.1_prot_CAJ85685.1_21	751	trfA	285	BN000925.1_prot_CAJ85685.1_21 [gene=trfA] [db_xref=InterPro:IPR010751,UniProtKB/TrEMBL:A6H937] [protein=TrfA replication protein] [protein_id=CAJ85685.1] [location=complement(16521..17378)] [gbkey=CDS]
74	BN000925.1_prot_CAJ85738.1_74	670	incC	364	BN000925.1_prot_CAJ85738.1_74 [gene=incC] [db_xref=InterPro:IPR002586,UniProtKB/TrEMBL:A6H990] [protein=IncC partitioning protein] [protein_id=CAJ85738.1] [location=complement(58257..59351)] [gbkey=CDS]
35	BN000925.1_prot_CAJ85698.1_34	661	trbL	528	BN000925.1_prot_CAJ85698.1_34 [gene=trbL] [db_xref=GOA:A6H950,InterPro:IPR007688,InterPro:IPR014150,UniProtKB/TrEMBL:A6H950] [protein=TrbL protein] [protein_id=CAJ85698.1] [location=27666..29252] [gbkey=CDS]
65	BN000925.1_prot_CAJ85729.1_65	661	traK	134	BN000925.1_prot_CAJ85729.1_65 [gene=traK] [db_xref=UniProtKB/TrEMBL:A6H981] [protein=TraK oriT binding protein] [protein_id=CAJ85729.1] [location=51464..51868] [gbkey=CDS]
75	BN000925.1_prot_CAJ85739.1_75	651	incC	259	BN000925.1_prot_CAJ85739.1_75 [gene=incC] [db_xref=InterPro:IPR002586,UniProtKB/TrEMBL:A6H991] [protein=IncC partitioning protein] [protein_id=CAJ85739.1] [location=complement(58257..59036)] [gbkey=CDS]
62	BN000925.1_prot_CAJ85726.1_62	611	traH	119	BN000925.1_prot_CAJ85726.1_62 [gene=traH] [db_xref=UniProtKB/TrEMBL:A6H978] [protein=TraH protein] [protein_id=CAJ85726.1] [location=complement(48791..49150)] [gbkey=CDS]
61	BN000925.1_prot_CAJ85725.1_61	603	traI	732	BN000925.1_prot_CAJ85725.1_61 [gene=traI] [db_xref=InterPro:IPR005094,UniProtKB/TrEMBL:A6H977] [protein=TraI DNA relaxase] [protein_id=CAJ85725.1] [location=complement(48492..50690)] [gbkey=CDS]
32	BN000925.1_prot_CAJ85695.1_31	572	trbI	463	BN000925.1_prot_CAJ85695.1_31 [gene=trbI] [db_xref=InterPro:IPR005498,UniProtKB/TrEMBL:A6H947] [protein=TrbI protein] [protein_id=CAJ85695.1] [location=25254..26645] [gbkey=CDS]
55	BN000925.1_prot_CAJ85719.1_55	558	traC1	1061	BN000925.1_prot_CAJ85719.1_55 [gene=traC1] [db_xref=GOA:A6H971,InterPro:IPR006171,InterPro:IPR013610,UniProtKB/TrEMBL:A6H971] [protein=TraC DNA primase and ssDNA binding protein] [protein_id=CAJ85719.1] [location=complement(40369..43554)] [gbkey=CDS]
25	BN000925.1_prot_CAJ85688.1_24	555	trbB	319	BN000925.1_prot_CAJ85688.1_24 [gene=trbB] [db_xref=GOA:A6H940,InterPro:IPR001482,InterPro:IPR003593,InterPro:IPR014149,UniProtKB/TrEMBL:A6H940] [protein=TrbB protein] [protein_id=CAJ85688.1] [location=18825..19784] [gbkey=CDS]
56	BN000925.1_prot_CAJ85720.1_56	542	traC2	746	BN000925.1_prot_CAJ85720.1_56 [gene=traC2] [db_xref=GOA:A6H972,InterPro:IPR006171,UniProtKB/TrEMBL:A6H972] [protein=TraC DNA primase] [protein_id=CAJ85720.1] [location=complement(40369..42609)] [gbkey=CDS]
60	BN000925.1_prot_CAJ85724.1_60	536	traG	635	BN000925.1_prot_CAJ85724.1_60 [gene=traG] [db_xref=GOA:A6H976,InterPro:IPR003688,UniProtKB/TrEMBL:A6H976] [protein=TraG protein] [protein_id=CAJ85724.1] [location=complement(46588..48495)] [gbkey=CDS]
13	BN000925.1_prot_CAJ85675.1_11	519	korC	85	BN000925.1_prot_CAJ85675.1_11 [gene=korC] [db_xref=InterPro:IPR020136,UniProtKB/TrEMBL:A6H927] [protein=KorC repressor protein] [protein_id=CAJ85675.1] [location=complement(4533..4790)] [gbkey=CDS]
1	BN000925.1_prot_12	514	klcB	461	BN000925.1_prot_12 [gene=klcB] [db_xref=PSEUDO:CAJ85676.1] [pseudo=true] [location=complement(join(4813..5487,10442..11152))] [gbkey=CDS]
43	BN000925.1_prot_CAJ85706.1_42	508	parA	219	BN000925.1_prot_CAJ85706.1_42 [gene=parA] [db_xref=GOA:A6H958,InterPro:IPR006118,InterPro:IPR006119,InterPro:IPR006120,InterPro:IPR012287,UniProtKB/TrEMBL:A6H958] [protein=ParA] [protein_id=CAJ85706.1] [location=complement(33528..34187)] [gbkey=CDS]
44	BN000925.1_prot_CAJ85707.1_43	508	parA	207	BN000925.1_prot_CAJ85707.1_43 [gene=parA] [db_xref=GOA:A6H959,InterPro:IPR006118,InterPro:IPR006119,InterPro:IPR006120,InterPro:IPR012287,UniProtKB/TrEMBL:A6H959] [protein=ParA] [protein_id=CAJ85707.1] [location=complement(33528..34151)] [gbkey=CDS]
66	BN000925.1_prot_CAJ85730.1_66	506	traL	241	BN000925.1_prot_CAJ85730.1_66 [gene=traL] [db_xref=InterPro:IPR002586,UniProtKB/TrEMBL:A6H982] [protein=TraL protein] [protein_id=CAJ85730.1] [location=51868..52593] [gbkey=CDS]
28	BN000925.1_prot_CAJ85691.1_27	492	trbE	852	BN000925.1_prot_CAJ85691.1_27 [gene=trbE] [db_xref=GOA:A6H943,InterPro:IPR003593,InterPro:IPR004346,InterPro:IPR018145,UniProtKB/TrEMBL:A6H943] [protein=TrbE protein] [protein_id=CAJ85691.1] [location=20545..23103] [gbkey=CDS]
72	BN000925.1_prot_CAJ85736.1_72	484	korF	173	BN000925.1_prot_CAJ85736.1_72 [gene=korF] [db_xref=UniProtKB/TrEMBL:A6H988] [protein=KorF repressor protein] [protein_id=CAJ85736.1] [location=complement(56592..57113)] [gbkey=CDS]
68	BN000925.1_prot_CAJ85732.1_68	477	kfrC	448	BN000925.1_prot_CAJ85732.1_68 [gene=kfrC] [db_xref=GOA:A6H984,InterPro:IPR000836,UniProtKB/TrEMBL:A6H984] [protein=KfrC protein] [protein_id=CAJ85732.1] [location=complement(53079..54425)] [gbkey=CDS]
70	BN000925.1_prot_CAJ85734.1_70	472	kfrA	308	BN000925.1_prot_CAJ85734.1_70 [gene=kfrA] [db_xref=InterPro:IPR021104,UniProtKB/TrEMBL:A6H986] [protein=KfrA coiled-coil protein] [protein_id=CAJ85734.1] [location=complement(54960..55886)] [gbkey=CDS]
15	BN000925.1_prot_CAJ85678.1_14	471	tnpR	185	BN000925.1_prot_CAJ85678.1_14 [gene=tnpR] [db_xref=GOA:A6H930,InterPro:IPR006118,InterPro:IPR006119,InterPro:IPR006120,InterPro:IPR009057,InterPro:IPR012287,UniProtKB/TrEMBL:A6H930] [protein=Tn1 resolvase] [protein_id=CAJ85678.1] [location=complement(6682..7239)] [gbkey=CDS]
24	BN000925.1_prot_CAJ85687.1_23	451	trbA	121	BN000925.1_prot_CAJ85687.1_23 [gene=trbA] [db_xref=GOA:A6H939,InterPro:IPR001387,InterPro:IPR010982,UniProtKB/TrEMBL:A6H939] [protein=TrbA repressor protein] [protein_id=CAJ85687.1] [location=18189..18554] [gbkey=CDS]
3	BN000925.1_prot_CAJ85665.1_1	448	klaC	317	BN000925.1_prot_CAJ85665.1_1 [gene=klaC] [db_xref=InterPro:IPR007039,UniProtKB/TrEMBL:A6H917] [protein=KlaC protein] [protein_id=CAJ85665.1] [location=complement(join(59512..60096,1..369))] [gbkey=CDS]
64	BN000925.1_prot_CAJ85728.1_64	447	traJ	123	BN000925.1_prot_CAJ85728.1_64 [gene=traJ] [db_xref=UniProtKB/TrEMBL:A6H980] [protein=TraJ oriT recognising protein] [protein_id=CAJ85728.1] [location=complement(50725..51096)] [gbkey=CDS]
36	BN000925.1_prot_CAJ85699.1_35	446	trbM	199	BN000925.1_prot_CAJ85699.1_35 [gene=trbM] [db_xref=InterPro:IPR009989,UniProtKB/TrEMBL:A6H951] [protein=TrbM protein] [protein_id=CAJ85699.1] [location=29276..29875] [gbkey=CDS]
41	BN000925.1_prot_CAJ85704.1_40	446	fiwA	231	BN000925.1_prot_CAJ85704.1_40 [gene=fiwA] [db_xref=UniProtKB/TrEMBL:A6H956] [protein=FiwA] [protein_id=CAJ85704.1] [location=32111..32806] [gbkey=CDS]
76	BN000925.1_prot_CAJ85740.1_76	446	korA	101	BN000925.1_prot_CAJ85740.1_76 [gene=korA] [db_xref=UniProtKB/TrEMBL:A6H992] [protein=KorA repressor protein] [protein_id=CAJ85740.1] [location=complement(59033..59338)] [gbkey=CDS]
23	BN000925.1_prot_CAJ85686.1_22	440	ssb	116	BN000925.1_prot_CAJ85686.1_22 [gene=ssb] [db_xref=GOA:A6H938,InterPro:IPR000424,InterPro:IPR011344,InterPro:IPR012340,InterPro:IPR016027,UniProtKB/TrEMBL:A6H938] [protein=single stranded DNA binding protein] [protein_id=CAJ85686.1] [location=complement(17718..18068)] [gbkey=CDS]
37	BN000925.1_prot_CAJ85700.1_36	437	trbN	234	BN000925.1_prot_CAJ85700.1_36 [gene=trbN] [db_xref=InterPro:IPR008258,UniProtKB/TrEMBL:A6H952] [protein=TrbN protein] [protein_id=CAJ85700.1] [location=29891..30595] [gbkey=CDS]
58	BN000925.1_prot_CAJ85722.1_58	435	traE	737	BN000925.1_prot_CAJ85722.1_58 [gene=traE] [db_xref=GOA:A6H974,InterPro:IPR000380,InterPro:IPR003601,InterPro:IPR003602,InterPro:IPR005738,InterPro:IPR006171,InterPro:IPR013497,InterPro:IPR013498,InterPro:IPR013824,InterPro:IPR013825,UniProtKB/TrEMBL:A6H974] [protein=TraE putative helicase] [protein_id=CAJ85722.1] [location=complement(43830..46043)] [gbkey=CDS]
73	BN000925.1_prot_CAJ85737.1_73	434	korB	358	BN000925.1_prot_CAJ85737.1_73 [gene=korB] [db_xref=GOA:A6H989,InterPro:IPR003115,InterPro:IPR004437,InterPro:IPR008988,InterPro:IPR010575,InterPro:IPR013741,UniProtKB/TrEMBL:A6H989] [protein=KorB partitioning and repressor protein] [protein_id=CAJ85737.1] [location=complement(57184..58260)] [gbkey=CDS]
30	BN000925.1_prot_CAJ85693.1_29	429	trbG	297	BN000925.1_prot_CAJ85693.1_29 [gene=trbG] [db_xref=InterPro:IPR010258,InterPro:IPR014142,UniProtKB/TrEMBL:A6H945] [protein=TrbG protein] [protein_id=CAJ85693.1] [location=23870..24763] [gbkey=CDS]
67	BN000925.1_prot_CAJ85731.1_67	422	traM	145	BN000925.1_prot_CAJ85731.1_67 [gene=traM] [db_xref=UniProtKB/TrEMBL:A6H983] [protein=TraM protein] [protein_id=CAJ85731.1] [location=52590..53027] [gbkey=CDS]
29	BN000925.1_prot_CAJ85692.1_28	413	trbF	252	BN000925.1_prot_CAJ85692.1_28 [gene=trbF] [db_xref=GOA:A6H944,InterPro:IPR007430,UniProtKB/TrEMBL:A6H944] [protein=TrbF protein] [protein_id=CAJ85692.1] [location=23100..23858] [gbkey=CDS]
57	BN000925.1_prot_CAJ85721.1_57	411	traD	87	BN000925.1_prot_CAJ85721.1_57 [gene=traD] [db_xref=InterPro:IPR016703,UniProtKB/TrEMBL:A6H973] [protein=TraD protein] [protein_id=CAJ85721.1] [location=complement(43561..43824)] [gbkey=CDS]
26	BN000925.1_prot_CAJ85689.1_25	410	trbC	145	BN000925.1_prot_CAJ85689.1_25 [gene=trbC] [db_xref=InterPro:IPR007039,UniProtKB/TrEMBL:A6H941] [protein=TrbC protein] [protein_id=CAJ85689.1] [location=19797..20234] [gbkey=CDS]
8	BN000925.1_prot_CAJ85670.1_6	408	kleE	107	BN000925.1_prot_CAJ85670.1_6 [gene=kleE] [db_xref=UniProtKB/TrEMBL:A6H922] [protein=KleE protein] [protein_id=CAJ85670.1] [location=complement(2758..3081)] [gbkey=CDS]
59	BN000925.1_prot_CAJ85723.1_59	407	traF	177	BN000925.1_prot_CAJ85723.1_59 [gene=traF] [db_xref=InterPro:IPR011056,InterPro:IPR014139,InterPro:IPR015927,InterPro:IPR019533,UniProtKB/TrEMBL:A6H975] [protein=TraF protein] [protein_id=CAJ85723.1] [location=complement(46058..46591)] [gbkey=CDS]
31	BN000925.1_prot_CAJ85694.1_30	404	trbH	160	BN000925.1_prot_CAJ85694.1_30 [gene=trbH] [db_xref=InterPro:IPR010837,UniProtKB/TrEMBL:A6H946] [protein=TrbH protein] [protein_id=CAJ85694.1] [location=24767..25249] [gbkey=CDS]
33	BN000925.1_prot_CAJ85696.1_32	400	trbJ	258	BN000925.1_prot_CAJ85696.1_32 [gene=trbJ] [db_xref=InterPro:IPR014147,UniProtKB/TrEMBL:A6H948] [protein=TrbJ protein] [protein_id=CAJ85696.1] [location=26662..27438] [gbkey=CDS]
54	BN000925.1_prot_CAJ85718.1_54	397	traB	146	BN000925.1_prot_CAJ85718.1_54 [gene=traB] [db_xref=UniProtKB/TrEMBL:A6H970] [protein=TraB protein] [protein_id=CAJ85718.1] [location=complement(39913..40353)] [gbkey=CDS]
69	BN000925.1_prot_CAJ85733.1_69	396	kfrB	115	BN000925.1_prot_CAJ85733.1_69 [gene=kfrB] [db_xref=UniProtKB/TrEMBL:A6H985] [protein=KfrB protein] [protein_id=CAJ85733.1] [location=complement(54454..54801)] [gbkey=CDS]
27	BN000925.1_prot_CAJ85690.1_26	395	trbD	103	BN000925.1_prot_CAJ85690.1_26 [gene=trbD] [db_xref=InterPro:IPR007792,InterPro:IPR016704,UniProtKB/TrEMBL:A6H942] [protein=TrbD protein] [protein_id=CAJ85690.1] [location=20237..20548] [gbkey=CDS]
39	BN000925.1_prot_CAJ85702.1_38	377	trbP	244	BN000925.1_prot_CAJ85702.1_38 [gene=trbP] [db_xref=InterPro:IPR008875,UniProtKB/TrEMBL:A6H954] [protein=TrbP protein] [protein_id=CAJ85702.1] [location=30926..31660] [gbkey=CDS]
11	BN000925.1_prot_CAJ85673.1_9	365	kleB	71	BN000925.1_prot_CAJ85673.1_9 [gene=kleB] [db_xref=UniProtKB/TrEMBL:A6H925] [protein=KleB protein] [protein_id=CAJ85673.1] [location=complement(3810..4025)] [gbkey=CDS]
17	BN000925.1_prot_CAJ85680.1_16	357	klcA	146	BN000925.1_prot_CAJ85680.1_16 [gene=klcA] [db_xref=InterPro:IPR004914,UniProtKB/TrEMBL:A6H932] [protein=KlcA putative anti-restriction protein] [protein_id=CAJ85680.1] [location=complement(11198..11638)] [gbkey=CDS]
16	BN000925.1_prot_CAJ85679.1_15	322	tnpA	1001	BN000925.1_prot_CAJ85679.1_15 [gene=tnpA] [db_xref=GOA:A6H931,InterPro:IPR002513,UniProtKB/TrEMBL:A6H931] [protein=Tn1 transposase] [protein_id=CAJ85679.1] [location=7402..10407] [gbkey=CDS]
34	BN000925.1_prot_CAJ85697.1_33	309	trbK	69	BN000925.1_prot_CAJ85697.1_33 [gene=trbK] [db_xref=UniProtKB/TrEMBL:A6H949] [protein=TrbK entry exclusion protein] [protein_id=CAJ85697.1] [location=27450..27659] [gbkey=CDS]
40	BN000925.1_prot_CAJ85703.1_39	255	upf31.7	139	BN000925.1_prot_CAJ85703.1_39 [gene=upf31.7] [db_xref=UniProtKB/TrEMBL:A6H955] [protein=hypothetical protein] [protein_id=CAJ85703.1] [location=31677..32096] [gbkey=CDS]
12	BN000925.1_prot_CAJ85674.1_10	250	kleA	77	BN000925.1_prot_CAJ85674.1_10 [gene=kleA] [db_xref=UniProtKB/TrEMBL:A6H926] [protein=KleA protein] [protein_id=CAJ85674.1] [location=complement(4074..4307)] [gbkey=CDS]
10	BN000925.1_prot_CAJ85672.1_8	240	kleC	76	BN000925.1_prot_CAJ85672.1_8 [gene=kleC] [db_xref=UniProtKB/TrEMBL:A6H924] [protein=KleC protein] [protein_id=CAJ85672.1] [location=complement(3427..3657)] [gbkey=CDS]
51	BN000925.1_prot_CAJ85715.1_51	232	istB	265	BN000925.1_prot_CAJ85715.1_51 [gene=istB] [db_xref=GOA:A6H967,InterPro:IPR001270,InterPro:IPR002611,InterPro:IPR003593,UniProtKB/TrEMBL:A6H967] [protein=IstB transposition protein] [protein_id=CAJ85715.1] [location=37482..38279] [gbkey=CDS]
42	BN000925.1_prot_CAJ85705.1_41	230	upf32.8	220	BN000925.1_prot_CAJ85705.1_41 [gene=upf32.8] [db_xref=UniProtKB/TrEMBL:A6H957] [protein=Upf32.8 protein] [protein_id=CAJ85705.1] [location=32842..33504] [gbkey=CDS]
49	BN000925.1_prot_CAJ85713.1_49	230	istA	390	BN000925.1_prot_CAJ85713.1_49 [gene=istA] [db_xref=GOA:A6H965,InterPro:IPR001584,InterPro:IPR012337,InterPro:IPR017894,UniProtKB/TrEMBL:A6H965] [protein=IS21 transposase] [protein_id=CAJ85713.1] [location=36310..37482] [gbkey=CDS]
50	BN000925.1_prot_CAJ85714.1_50	230	istA	382	BN000925.1_prot_CAJ85714.1_50 [gene=istA] [db_xref=GOA:A6H966,InterPro:IPR001584,InterPro:IPR012337,InterPro:IPR017894,UniProtKB/TrEMBL:A6H966] [protein=IS21 transposase] [protein_id=CAJ85714.1] [location=36334..37482] [gbkey=CDS]
6	BN000925.1_prot_CAJ85668.1_4	224	kleF	104	BN000925.1_prot_CAJ85668.1_4 [gene=kleF] [db_xref=UniProtKB/TrEMBL:A6H920] [protein=KleF protein] [protein_id=CAJ85668.1] [location=complement(2416..2730)] [gbkey=CDS]
19	BN000925.1_prot_CAJ85682.1_18	213	tetA	399	BN000925.1_prot_CAJ85682.1_18 [gene=tetA] [db_xref=GOA:A6H934,InterPro:IPR001958,InterPro:IPR004734,InterPro:IPR005829,InterPro:IPR011701,InterPro:IPR016196,InterPro:IPR020846,UniProtKB/TrEMBL:A6H934] [protein=tetracycline exporter protein] [protein_id=CAJ85682.1] [location=14050..15249] [gbkey=CDS]
7	BN000925.1_prot_CAJ85669.1_5	205	kleF	56	BN000925.1_prot_CAJ85669.1_5 [gene=kleF] [db_xref=UniProtKB/TrEMBL:A6H921] [protein=KleF protein] [protein_id=CAJ85669.1] [location=complement(2416..2586)] [gbkey=CDS]
20	BN000925.1_prot_CAJ85683.1_19	194	upf16.5	221	BN000925.1_prot_CAJ85683.1_19 [gene=upf16.5] [db_xref=GOA:A6H935,InterPro:IPR000182,InterPro:IPR001647,InterPro:IPR012287,InterPro:IPR016181,UniProtKB/TrEMBL:A6H935] [protein=hypothetical protein] [protein_id=CAJ85683.1] [location=complement(15881..16546)] [gbkey=CDS]
38	BN000925.1_prot_CAJ85701.1_37	194	trbO	87	BN000925.1_prot_CAJ85701.1_37 [gene=trbO] [db_xref=UniProtKB/TrEMBL:A6H953] [protein=TrbO protein] [protein_id=CAJ85701.1] [location=30626..30889] [gbkey=CDS]
53	BN000925.1_prot_CAJ85717.1_53	183	traA	96	BN000925.1_prot_CAJ85717.1_53 [gene=traA] [db_xref=InterPro:IPR020497,UniProtKB/TrEMBL:A6H969] [protein=TraA protein] [protein_id=CAJ85717.1] [location=complement(39615..39905)] [gbkey=CDS]
71	BN000925.1_prot_CAJ85735.1_71	175	korG	175	BN000925.1_prot_CAJ85735.1_71 [gene=korG] [db_xref=UniProtKB/TrEMBL:A6H987] [protein=KorG] [protein_id=CAJ85735.1] [location=complement(56072..56599)] [gbkey=CDS]
45	BN000925.1_prot_CAJ85708.1_44	165	parB	177	BN000925.1_prot_CAJ85708.1_44 [gene=parB] [db_xref=GOA:A6H960,InterPro:IPR002071,InterPro:IPR006021,InterPro:IPR016071,UniProtKB/TrEMBL:A6H960] [protein=ParB nuclease] [protein_id=CAJ85708.1] [location=complement(34148..34681)] [gbkey=CDS]
9	BN000925.1_prot_CAJ85671.1_7	158	kleD	72	BN000925.1_prot_CAJ85671.1_7 [gene=kleD] [db_xref=UniProtKB/TrEMBL:A6H923] [protein=KleD protein] [protein_id=CAJ85671.1] [location=complement(3193..3411)] [gbkey=CDS]
14	BN000925.1_prot_CAJ85677.1_13	157	bla	286	BN000925.1_prot_CAJ85677.1_13 [gene=bla] [db_xref=GOA:A6H929,InterPro:IPR000871,InterPro:IPR001466,InterPro:IPR012338,UniProtKB/TrEMBL:A6H929] [protein=beta lactamase] [protein_id=CAJ85677.1] [location=complement(5639..6499)] [gbkey=CDS]
18	BN000925.1_prot_CAJ85681.1_17	150	tetR	216	BN000925.1_prot_CAJ85681.1_17 [gene=tetR] [db_xref=GOA:A6H933,InterPro:IPR001647,InterPro:IPR003012,InterPro:IPR004111,InterPro:IPR009057,InterPro:IPR011075,InterPro:IPR012287,InterPro:IPR015893,UniProtKB/TrEMBL:A6H933] [protein=tetracycline resistance repressor protein] [protein_id=CAJ85681.1] [location=complement(13294..13944)] [gbkey=CDS]
4	BN000925.1_prot_CAJ85666.1_2	140	klaB	378	BN000925.1_prot_CAJ85666.1_2 [gene=klaB] [db_xref=InterPro:IPR008863,UniProtKB/TrEMBL:A6H918] [protein=KlaB protein] [protein_id=CAJ85666.1] [location=complement(366..1502)] [gbkey=CDS]
46	BN000925.1_prot_CAJ85709.1_45	113	parC	86	BN000925.1_prot_CAJ85709.1_45 [gene=parC] [db_xref=UniProtKB/TrEMBL:A6H961] [protein=ParC protein] [protein_id=CAJ85709.1] [location=complement(34678..34938)] [gbkey=CDS]
2	BN000925.1_prot_48	101	upf35.8	206	BN000925.1_prot_48 [gene=upf35.8] [db_xref=PSEUDO:CAJ85712.1] [pseudo=true] [location=join(35759..36208,38344..38514)] [gbkey=CDS]
48	BN000925.1_prot_CAJ85711.1_47	95	parE	103	BN000925.1_prot_CAJ85711.1_47 [gene=parE] [db_xref=InterPro:IPR007712,UniProtKB/TrEMBL:A6H963] [protein=ParE toxin] [protein_id=CAJ85711.1] [location=35370..35681] [gbkey=CDS]
52	BN000925.1_prot_CAJ85716.1_52	94	aphA	257	BN000925.1_prot_CAJ85716.1_52 [gene=aphA] [db_xref=GOA:A6H968,InterPro:IPR002575,InterPro:IPR011009,UniProtKB/TrEMBL:A6H968] [protein=aminoglycoside 3'-phospho-transferase] [protein_id=CAJ85716.1] [location=38758..39531] [gbkey=CDS]
5	BN000925.1_prot_CAJ85667.1_3	79	klaA	257	BN000925.1_prot_CAJ85667.1_3 [gene=klaA] [db_xref=InterPro:IPR008863,UniProtKB/TrEMBL:A6H919] [protein=KlaA protein] [protein_id=CAJ85667.1] [location=complement(1520..2293)] [gbkey=CDS]
47	BN000925.1_prot_CAJ85710.1_46	29	parD	83	BN000925.1_prot_CAJ85710.1_46 [gene=parD] [db_xref=InterPro:IPR018985,UniProtKB/TrEMBL:A6H962] [protein=ParD antitoxin protein] [protein_id=CAJ85710.1] [location=35122..35373] [gbkey=CDS]
63	BN000925.1_prot_CAJ85727.1_63	28	traX	13	BN000925.1_prot_CAJ85727.1_63 [gene=traX] [db_xref=UniProtKB/TrEMBL:A6H979] [protein=TraX] [protein_id=CAJ85727.1] [location=complement(50687..50728)] [gbkey=CDS]
