accession	sum_BSR	nBSRgt0	length	GC	alphabet	sequence_title
BN000925	74.8343	76	60096	61.78	ACGT	TPA_exp: Birmingham IncP-alpha plasmid, complete sequence, isolate RK2
L27758	74.6676	76	60099	61.78	ACGT	Pseudomonas aeruginosa plasmid Birmingham IncP-alpha, complete sequence
MT868884	74.0509	76	60095	61.78	ACGT	Escherichia coli strain EC 2660 plasmid pME8, partial sequence
JX469830	73.8793	76	80762	58.6	ACGT	Uncultured bacterium plasmid pG527, complete sequence
JX469833	73.5894	76	74056	61.24	ACGT	Uncultured bacterium plasmid pWEC911, complete sequence
AM261760	73.182	76	89147	59.01	ACGT	IncP-1alpha plasmid pBS228, complete sequence
CP002153	69.419	72	72683	62.24	ACGT	Uncultured bacterium plasmid PSP21, complete sequence
AJ744860	69.405	72	68869	62.34	ACGT	uncultured bacterium pTB11 plasmid complete genome
CP002152	69.3527	72	66911	62.94	ACGT	Uncultured bacterium plasmid PB11, complete sequence
CP002151	69.3317	72	64696	62.4	ACGT	Uncultured bacterium plasmid PB5, complete sequence
LC623901	68.7838	72	68925	62.93	ACGT	Uncultured bacterium plasmid pMNCN064 DNA, complete sequence
OQ683451	68.5089	75	76587	61.19	ACGT	Escherichia coli str. K-12 substr. MG1655 plasmid R702, complete sequence
LC623900	68.5086	73	64346	62.83	ACGT	Uncultured bacterium plasmid pMNCN061 DNA, complete sequence
MN602278	67.5397	71	55695	63.44	ACGT	Escherichia coli plasmid pUZ8002, complete sequence
OQ536579	45.7938	52	51330	59.92	ACGT	Escherichia coli strain sJMP4003 plasmid pRK2013, complete sequence
OQ536580	44.7551	52	40526	61.76	ACGT	Escherichia coli strain sJMP4007 extrachromosomal
LR990740	35.5379	55	46179	60.77	ACGT	Xanthomonas sp. LMG 31886 strain GBBC 2199 genome assembly, plasmid: LMG31886_p46
LR990733	35.4883	55	46175	60.76	ACGT	Xanthomonas sp. LMG 31884 genome assembly, plasmid: LMG31884_p46
LR990738	35.4774	55	46178	60.77	ACGT	Xanthomonas sp. LMG 31887 strain GBBC 2202 genome assembly, plasmid: LMG31887_p46
LR990743	35.3081	54	46176	60.77	ACGT	Xanthomonas sp. LMG 31885 genome assembly, plasmid: LMG31885_p46
KC964605	34.5035	63	58845	59.64	ACGT	Uncultured bacterium plasmid pMLUA1, complete sequence
MN366356	34.5035	63	58844	59.64	ACGT	Bacterium voucher WWTP_Biosolids plasmid pALTS27, complete sequence
MN366360	34.5035	63	57949	59.65	ACGT	Bacterium voucher WWTP_Biosolids plasmid pALTS32, complete sequence
JX486125	34.4301	62	61919	64	ACGT	Uncultured bacterium plasmid pRWC72a, complete sequence
AM261282	34.3717	61	54383	60.84	ACGT	Uncultured bacterium IncP-1 plasmid pKJK5 complete sequence
CP028340	34.3717	61	53761	60.76	ACGT	Thauera aromatica K172 plasmid pKJK172, complete sequence
JQ004406	34.3656	61	56366	60.31	ACGT	Uncultured bacterium plasmid pHH128, complete sequence
JQ004408	34.3437	62	55424	61.11	ACGT	Uncultured bacterium plasmid pHH3414, complete sequence
LC623896	34.2116	63	56363	63.84	ACGT	Uncultured bacterium plasmid pMNCI060 DNA, complete sequence
LC746224	34.1649	60	77135	61.34	ACGT	Uncultured bacterium plasmid pLBC62 DNA, complete sequence
JQ004409	34.1202	61	53419	61.1	ACGT	Uncultured bacterium plasmid pKS77, complete sequence
LC746225	34.0221	59	71660	61.49	ACGT	Uncultured bacterium plasmid pLBC70 DNA, complete sequence
KC964607	33.9309	60	55475	59.99	ACGT	Uncultured bacterium plasmid pMLUA4, complete sequence
KC964606	33.9309	60	57859	60.06	ACGT	Uncultured bacterium plasmid pMLUA3, complete sequence
LC746227	33.8783	59	57862	60.08	ACGT	Uncultured bacterium plasmid pLBC82 DNA, complete sequence
LC746223	33.8055	58	51522	61.61	ACGT	Uncultured bacterium plasmid pLBC56 DNA, complete sequence
AJ639924	33.7745	61	56167	63.8	ACGT	Uncultured bacterium plasmid pB3 complete genome
LC746226	33.7301	59	63385	59.82	ACGT	Uncultured bacterium plasmid pLBC75 DNA, complete sequence
LC623890	33.6496	58	52432	61.62	ACGT	Uncultured bacterium plasmid pMNBL056 DNA, complete sequence
KU238092	33.5889	63	61503	64.09	ACGT	Uncultured bacterium plasmid pDTC28, complete sequence
MW574938	33.4703	59	63269	59.62	ACGT	Escherichia coli strain CV601 plasmid pTE_C_3, complete sequence
JX469826	33.0531	61	64393	62.15	ACGT	Uncultured bacterium plasmid pB12, complete sequence
MH392232	33.0102	65	73798	61.94	ACGT	Sym plasmid plasmid pBB55, complete sequence
CP083711	32.9844	58	70058	60.7	ACGT	Enterobacter cloacae complex sp. ECL352 plasmid pIMP4-ECL352, complete sequence
AJ564903	32.964	61	64508	64.17	ACGT	Uncultured bacterium IncP-1beta multiresistance plasmid pB10
MG879028	32.943	62	73230	62.31	ACGT	Uncultured bacterium plasmid pEG1-1, complete sequence
MW574943	32.9187	58	51506	61.6	ACGT	Escherichia coli strain CV601 plasmid pTE_T100_4, complete sequence
LC623884	32.8999	59	64795	62.57	ACGT	Uncultured bacterium plasmid pMH0621-02Tc DNA, complete sequence
JN106175	32.7781	61	86438	64.35	ACGT	Uncultured bacterium plasmid pAKD34, complete sequence
MH392236	32.734	63	102276	63.47	ACGT	Sym plasmid plasmid pTL25, complete sequence
CP018471	32.7196	61	62784	64.97	ACGT	Xanthomonas vesicatoria strain LM159 plasmid pLM159.2, complete sequence
JN106167	32.7064	60	74971	62.85	ACGT	Uncultured bacterium plasmid pAKD16, complete sequence
MH392237	32.6313	61	72288	64.68	ACGT	Sym plasmid plasmid pTL43, complete sequence
MN386974	32.4915	62	50465	65.3	ACGT	Pseudomonas aeruginosa strain 1943 plasmid pPaeBURNS1, complete sequence
CP038640	32.4841	62	89459	64.51	ACGT	Cupriavidus oxalaticus strain X32 plasmid unnamed5, complete sequence
CP120957	32.4619	61	51319	64.71	ACGT	Delftia tsuruhatensis strain Ery-6A plasmid unnamed1
CP072561	32.3945	58	75715	64.38	ACGT	Pseudomonas sp. BYT-1 plasmid pBYT1-2, complete sequence
MH392243	32.3827	58	83086	62.26	ACGT	Sym plasmid plasmid pTT25, complete sequence
JN106170	32.3784	58	75067	62	ACGNT	Uncultured bacterium plasmid pAKD25, complete sequence
AB852526	32.36	60	59534	64.5	ACGT	Paracidovorax avenae plasmid pAAA83 DNA, complete sequence, strain: 83
JX469827	32.3576	56	63472	61.7	ACGNT	Uncultured bacterium plasmid pEMT3, complete sequence
LC623898	32.357	59	52178	64.48	ACGT	Uncultured bacterium plasmid pMNCI063 DNA, complete sequence
LC623931	32.3468	62	57620	65.17	ACGT	Uncultured bacterium plasmid pYKCT011-1 DNA, complete sequence
JQ436721	32.3337	61	65269	66.23	ACGT	Variovorax sp. DB1 plasmid pDB1, complete sequence
LC623914	32.3163	59	60124	63.8	ACGT	Uncultured bacterium plasmid pYKBF005 DNA, complete sequence
JN106174	32.3101	63	57974	65.1	ACGT	Uncultured bacterium plasmid pAKD33, complete sequence
CP021650	32.3092	58	79174	65.78	ACGT	Acidovorax sp. T1 plasmid p2-T1, complete sequence
KC771559	32.3062	60	119225	63.57	ACGT	Comamonas sp. 7D-2 plasmid pBHB, complete sequence
CP097492	32.3032	58	56145	64.77	ACGT	Pseudomonas sp. BYT-5 plasmid pBYT5-3, complete sequence
AM048832	32.3011	58	54344	64.75	ACGT	Uncultured bacterium mercury resistance plasmid pTP6
KU356987	32.2797	58	58745	64.51	ACGT	Variovorax paradoxus plasmid pBS64, complete sequence
JN106166	32.2712	62	66550	65.08	ACGT	Uncultured bacterium plasmid pAKD15, complete sequence
AP018709	32.2641	60	50476	65.47	ACGT	Uncultured bacterium plasmid pSN1104-59 DNA, complete sequence
AP024942	32.2591	58	65156	63.93	ACGT	Aeromonas caviae KAM339 plasmid pKAM339_2 DNA, complete sequence
AP024949	32.2591	58	66313	63.4	ACGT	Aeromonas caviae KAM345 plasmid pKAM345_1 DNA, complete sequence
JN106168	32.2588	62	51755	65.5	ACGT	Uncultured bacterium plasmid pAKD17, complete sequence
JX469829	32.2505	61	58290	64.44	ACGNT	Uncultured bacterium plasmid pB1, complete sequence
AP023401	32.2496	59	61502	64.33	ACGT	Aeromonas hydrophila KAM330 plasmid pKAM330_3 DNA, complete sequence
CP019238	32.246	57	71276	64.44	ACGT	Rhodoferax sp. DCY110 plasmid unnamed2 sequence
JN106165	32.2419	62	48624	65.89	ACGT	Uncultured bacterium plasmid pAKD14, complete sequence
JN106173	32.2148	62	54140	65.33	ACGT	Uncultured bacterium plasmid pAKD31, complete sequence
MN366358	32.2119	59	54399	62.93	ACGT	Bacterium voucher WWTP_Biosolids plasmid pALTS29, complete sequence
KC170279	32.1978	58	53313	64.26	ACGT	Uncultured bacterium plasmid pMBUI8, complete sequence
JQ004407	32.1755	59	51230	61.19	ACGT	Uncultured bacterium plasmid pHH3408, complete sequence
JN106169	32.1671	61	67298	64.75	ACGT	Uncultured bacterium plasmid pAKD18, complete sequence
MW150990	32.1652	57	53129	65.08	ACGT	Morganella morganii strain nx_m63 plasmid pNXM63-IMP, complete sequence
LC623913	32.1284	58	58771	64.38	ACGT	Uncultured bacterium plasmid pYKAZ004 DNA, complete sequence
JN106164	32.1167	60	58246	64.65	ACGT	Uncultured bacterium plasmid pAKD1, complete sequence
CP098487	32.0929	58	49381	65.13	ACGT	Enterobacter hormaechei subsp. hormaechei strain ECC33 plasmid pECC33-49, complete sequence
KM655308	32.0301	56	38744	61.55	ACGT	Uncultured bacterium plasmid pSFS12, partial sequence
KU356988	32.0102	58	57450	64.63	ACGT	Variovorax paradoxus plasmid pHB44, complete sequence
MW574941	32.0041	56	51649	60.91	ACGT	Escherichia coli strain CV601 plasmid pTE_T100_2, complete sequence
LC623903	31.9873	58	51612	65.61	ACGT	Uncultured bacterium plasmid pSM0227-07 DNA, complete sequence
MH392241	31.9415	57	107234	61.72	ACGT	Sym plasmid plasmid pTL9, complete sequence
JQ436722	31.9327	55	62798	62.11	ACGT	Ralstonia pickettii plasmid p712, complete sequence
LC623927	31.9111	58	53186	65.27	ACGT	Uncultured bacterium plasmid pYKBU009 DNA, complete sequence
MH392242	31.9111	58	53011	65.3	ACGT	Sym plasmid plasmid pTT11, complete sequence
LC746222	31.8703	55	57553	59.8	ACGT	Uncultured bacterium plasmid pLBC54 DNA, complete sequence
MH392238	31.8641	57	39671	61.48	ACGT	Sym plasmid plasmid pTL50, complete sequence
AJ431260	31.8598	62	79370	62.76	ACGT	Uncultured bacterium plasmid pB4 complete genome
MH392239	31.833	58	53601	65.31	ACGT	Sym plasmid plasmid pTL52, complete sequence
KJ588780	31.832	58	49804	65.07	ACGT	Achromobacter xylosoxidans strain A22732 plasmid pA22732-IMP, complete sequence
AY365053	31.761	58	87688	64.66	ACGT	Ralstonia eutropha JMP134 plasmid pJP4, complete sequence
MH392235	31.7411	58	53599	65.31	ACGT	Sym plasmid plasmid pTL21, complete sequence
OQ821186	31.7159	60	68404	64.1	ACGT	Citrobacter freundii strain 31A19CPO009 plasmid p31A19009_B_KPC_KPC, complete sequence
OQ821187	31.7159	60	71058	63.51	ACGT	Citrobacter freundii strain 31A20CPO001 plasmid p31A20001_F_KPC_KPC, complete sequence
CP002451	31.7025	61	78982	64.43	ACGT	Alicycliphilus denitrificans BC plasmid pALIDE02, complete sequence
CP119681	31.6978	57	52007	64.91	ACGT	Enterobacter hormaechei strain 334D3 plasmid p334D3, complete sequence
MN366361	31.6781	61	70131	62.61	ACGT	Bacterium voucher WWTP_Biosolids plasmid pALTS33, complete sequence
CP065408	31.6522	58	77623	66.88	ACGT	Diaphorobacter sp. JS3051 plasmid pDCB2, complete sequence
KM655309	31.6038	56	48459	61.02	ACGNT	Uncultured bacterium plasmid pSFS26, partial sequence
MW574937	31.6029	56	49709	61.4	ACGT	Escherichia coli strain CV601 plasmid pTE_C_2, complete sequence
LC623922	31.5892	56	42530	61.65	ACGT	Uncultured bacterium plasmid pYKBO007 DNA, complete sequence
CP084278	31.5361	58	65095	66.22	ACGT	Caballeronia grimmiae strain Lep1A1 plasmid p5, complete sequence
LR594674	31.4795	60	71037	61.34	ACGT	Variovorax sp. PBL-E5 genome assembly, plasmid: 4
MH392233	31.4367	57	76102	65.57	ACGT	Sym plasmid plasmid pTK9, complete sequence
JX469832	31.4285	59	82988	62.63	ACGT	Burkholderia cepacia plasmid pYS1, complete sequence
MH392240	31.3885	58	51488	64.24	ACGT	Sym plasmid plasmid pTL8, complete sequence
LC623915	31.3885	58	51488	64.24	ACGT	Uncultured bacterium plasmid pYKBG006 DNA, complete sequence
JN106171	31.3841	63	82401	63.91	ACGT	Uncultured bacterium plasmid pAKD26, complete sequence
LR594670	31.3425	60	71057	61.34	ACGT	Variovorax sp. SRS16 genome assembly, plasmid: 5
CP014846	31.3311	60	60711	63.82	ACGT	Cupriavidus nantongensis strain X1 plasmid, complete sequence
MH392234	31.3204	58	59989	64.72	ACGT	Sym plasmid plasmid pTL16, complete sequence
KF743817	31.3139	60	61514	64.08	ACGT	Proteus mirabilis plasmid R772, complete sequence
MN366359	31.2506	60	59592	63.83	ACGT	Bacterium voucher WWTP_Biosolids plasmid pALTS31, complete sequence
CP120952	31.2193	60	49756	65.58	ACGT	Burkholderia contaminans strain 5080 plasmid pBCO-3, complete sequence
LR594665	31.1259	58	68393	61.2	ACGT	Variovorax sp. RA8 genome assembly, plasmid: 4
CP076070	31.0956	61	68372	63.06	ACGT	Vibrio anguillarum strain NB10-GFP plasmid unnamed2, complete sequence
LC623924	31.0618	60	55596	63.1	ACGT	Uncultured bacterium plasmid pYKBP039 DNA, complete sequence
AB231906	31.0477	61	46557	65.33	ACGT	Sphingomonas sp. A1 plasmid pA1 DNA, complete sequence
CP065667	31.0253	64	73470	64.43	ACGT	Delftia acidovorans strain FDAARGOS_909 plasmid unnamed, complete sequence
AB063332	30.987	58	67066	63.68	ACGT	Delftia acidovorans plasmid pUO1 DNA, complete sequence
JN106172	30.9686	61	55020	65.34	ACGT	Uncultured bacterium plasmid pAKD29, complete sequence
CP053984	30.9468	61	91397	64.8	ACGT	Achromobacter pestifer strain FDAARGOS_790 plasmid unnamed, complete sequence
JX847411	30.9384	58	99001	61.84	ACGNT	Burkholderia cepacia strain 2a plasmid pIJB1, complete sequence
AJ863570	30.8839	58	57198	64.62	ACGT	Uncultured bacterium IncP-1beta multiresistance plasmid pB8
CP067036	30.8737	58	55971	63.7	ACGT	Agrobacterium fabrum strain EHA105 plasmid pPH1JI, complete sequence
MW574939	30.8458	57	62942	63.87	ACGT	Escherichia coli strain CV601 plasmid pTE_C_4, complete sequence
CP002288	30.8182	59	98156	62.17	ACGT	Achromobacter xylosoxidans A8 plasmid pA81, complete sequence
CP062120	30.8013	57	197271	62.76	ACGT	Aminobacter sp. SR38 plasmid pSR8
LC623897	30.7743	58	38628	65.51	ACGT	Uncultured bacterium plasmid pMNCI062 DNA, complete sequence
OR146256	30.7708	56	42389	64.49	ACGT	Bordetella pertussis plasmid pBP136Km, complete sequence
KF743818	30.7215	59	58270	64.21	ACGT	Bordetella bronchiseptica plasmid R906, complete sequence
CP003505	30.7073	59	56265	64.27	ACGT	Mycobacterium abscessus subsp. bolletii F1725 plasmid BRA100, complete sequence
CP003376	30.7073	59	56267	64.27	ACGT	Mycobacterium abscessus subsp. bolletii INCQS 00594 plasmid pMAB01, complete sequence
CP015373	30.6901	58	85291	63.25	ACGT	Pandoraea pnomenusa strain MCB032 plasmid unnamed 2, complete sequence
EF079106	30.6624	59	91181	63.44	ACGNT	Comamonas sp. CNB-1 plasmid pCNB, complete sequence
CP000541	30.6529	60	63609	64.58	ACGT	Acidovorax sp. JS42 plasmid pAOVO02, complete sequence
JF274988	30.6207	59	77429	63.87	ACGT	Delftia acidovorans plasmid pLME1, complete sequence
CP017760	30.6046	59	77172	64.17	ACGT	Cupriavidus necator strain NH9 plasmid pENH91, complete sequence
HQ891317	30.6011	59	74280	64.26	ACGT	Delftia acidovorans strain CA28 plasmid pC1-1, complete sequence
JF274990	30.6011	59	60421	64.75	ACGT	Delftia acidovorans plasmid pNB8c, complete sequence
JF274987	30.6011	59	79291	63.93	ACGT	Comamonas testosteroni plasmid pTB30, complete sequence
JX469831	30.6009	58	54342	65	ACGT	Uncultured bacterium plasmid pKSP212, complete sequence
AJ515144	30.5972	59	98192	62.18	ACGT	Achromobacter xylosoxidans plasmid pA81, strain A8
CP000443	30.5807	58	43581	65.76	ACGT	Burkholderia ambifaria AMMD plasmid unnamed1, complete sequence
MH392245	30.5807	58	43580	65.76	ACGT	Sym plasmid plasmid pTT5, complete sequence
CP009797	30.5807	58	43581	65.76	ACGT	Burkholderia ambifaria AMMD plasmid pBII_1, complete sequence
MH392244	30.5807	58	43582	65.76	ACGT	Sym plasmid plasmid pTT47, complete sequence
CP062809	30.5785	59	81787	62.29	ACGT	Cupriavidus basilensis strain DSM 11853 plasmid pRK1-5, complete sequence
MW679657	30.5652	59	87305	63.96	ACGT	Achromobacter sp. strain ANB-1 plasmid pDCA-1, complete sequence
U67194	30.5552	57	53423	64.12	ACGT	Enterobacter aerogenes plasmid R751, complete sequence
JX469828	30.5039	60	62099	62.65	ACGT	Uncultured bacterium plasmid pRSB223, complete sequence
CP017455	30.5012	59	43580	65.76	ACGT	Dickeya solani strain PPO 9019 plasmid unnamed, complete sequence
MW574946	30.4348	57	62944	63.86	ACGT	Escherichia coli strain CV601 plasmid pWE_C_2, complete sequence
HG326189	30.3878	58	47337	65.2	ACGT	Yersinia pestis 16/95 plasmid pIP1203, complete sequence
KM655310	30.3371	56	45002	61.1	ACGNT	Uncultured bacterium plasmid pSFS52, partial sequence
LC623910	30.267	56	42722	63.21	ACGT	Uncultured bacterium plasmid pYKAM033 DNA, complete sequence
JX469834	30.2618	58	40806	65.75	ACGT	Uncultured bacterium plasmid pDS3, complete sequence
KM655311	30.2475	56	40089	60.89	ACGNT	Uncultured bacterium plasmid pSFW53, partial sequence
JN648090	30.0969	58	61669	63.99	ACGT	Delftia sp. KV29 plasmid pKV29, complete sequence
AB237782	30.0926	55	41268	65.07	ACGT	Bordetella pertussis plasmid pBP136 DNA, complete sequence
CP119975	30.025	56	96511	62.68	ACGT	Agrobacterium leguminum strain AT13 plasmid p3, complete sequence
U66917	29.8882	57	108845	62.56	ACGT	Pseudomonas sp. ADP atrazine catabolic plasmid pADP-1, complete sequence
CP053554	29.8617	56	49405	64.67	ACGT	Diaphorobacter sp. JS3050 plasmid pDCNB, complete sequence
KP289281	29.8359	57	108845	62.5	ACGNTW	Pseudomonas sp. EGD-AKN5 plasmid, complete sequence
MH392246	29.8206	56	50519	63.15	ACGT	Sym plasmid plasmid pTT60, complete sequence
CP074362	29.7513	55	46036	63.59	ACGT	Xanthomonas translucens pv. undulosa strain CFBP 2055 plasmid unnamed, complete sequence
MH053445	29.7155	57	50914	64.08	ACGT	Pseudomonas aeruginosa strain PA1280 plasmid pICP-4GES, complete sequence
CP043477	29.6981	56	44381	62.29	ACGT	Xanthomonas hyacinthi strain CFBP 1156 plasmid unnamed, complete sequence
CP062123	29.686	55	62583	64.69	ACGT	Pseudomonas sp. ADPe plasmid pADPe, complete sequence
LC623919	29.6114	61	64506	60.25	ACGT	Uncultured bacterium plasmid pYKBL037 DNA, complete sequence
MW300275	29.5086	61	61183	63.59	ACGT	Pseudomonas aeruginosa strain C6 plasmid pP6VIM-11, complete sequence
LC623928	29.447	58	46366	61.18	ACGT	Uncultured bacterium plasmid pYKCG107 DNA, complete sequence
AP025674	29.4089	57	45215	61.59	ACGT	Acidovorax sp. SUPP3334 SUPP3334 plasmid pAV3334-2 DNA, complete genome
GQ983559	29.3226	57	56803	62.7	ACGT	Uncultured bacterium pAKD4 plasmid pAKD4, complete sequence
JF274989	29.3054	60	84204	64.79	ACGT	Comamonas testosteroni plasmid pI2, complete sequence
CP063999	28.9518	57	45639	63.65	ACGT	Xanthomonas translucens pv. undulosa strain XtKm15 plasmid unnamed2, complete sequence
LC623925	28.7737	57	45846	61.31	ACGT	Uncultured bacterium plasmid pYKBR041 DNA, complete sequence
EF107516	28.4849	57	66615	59.67	ACGT	Uncultured bacterium pMCBF6 plasmid pMCBF6, complete sequence
LC623902	28.4407	55	47983	61.52	ACGT	Uncultured bacterium plasmid pSM0227-02 DNA, complete sequence
AY950444	28.2331	55	62689	60.17	ACGT	Plasmid pMCBF1, complete sequence
CP063994	28.1936	54	45351	63.64	ACGT	Xanthomonas translucens pv. undulosa strain XtLr8 plasmid unnamed1, complete sequence
MW300276	28.06	53	44597	63.93	ACGT	Pseudomonas aeruginosa strain Ota2 plasmid pPOta2VIM-11, complete sequence
CP096569	27.9052	53	90481	63.68	ACGT	Xanthomonas translucens pv. undulosa strain Xtu-UPB513 plasmid pUPB513, complete sequence
CP001979	27.8326	48	42349	53.56	ACGT	Marinobacter adhaerens HP15 plasmid pHP-42, complete sequence
CP006601	27.8303	49	42347	53.27	ACGT	Cycloclasticus zancles 78-ME plasmid p7ME01, complete sequence
LC623889	27.7801	49	42885	53.32	ACGT	Uncultured bacterium plasmid pMHAD031 DNA, complete sequence
CP003381	27.5422	49	47825	54.6	ACGT	Methylophaga frappieri strain JAM7 plasmid, complete sequence
CP044223	27.1642	47	43759	53.17	ACGT	Nitrincola iocasae strain KXZD1103 plasmid unnamed1, complete sequence
CP066039	26.4558	52	38605	65.71	ACGT	Burkholderia ambifaria strain FDAARGOS_1027 plasmid unnamed
CP035638	25.16	53	63601	46.9	ACGT	Enterobacter cloacae strain EN3600 plasmid unnamed6, complete sequence
AP025664	24.957	53	59793	46.63	ACGT	Escherichia coli TUM20902 plasmid pMTY20902_untypable1 DNA, complete sequence
AP025659	24.957	53	59793	46.63	ACGT	Escherichia coli TUM13867 plasmid pMTY13867_untypable1 DNA, complete sequence
CP060284	24.771	54	71861	48.59	ACGT	Klebsiella pneumoniae strain ent1077 plasmid pKPC2, complete sequence
MN542377	24.771	54	71861	48.59	ACGT	Klebsiella pneumoniae subsp. pneumoniae strain 494 plasmid pKPC2_sg1, complete sequence
CP061353	24.771	54	73483	48.67	ACGT	Klebsiella pneumoniae strain ENT1988 plasmid pKPC2, complete sequence
CP063432	24.771	54	73549	48.73	ACGT	Klebsiella pneumoniae strain ENT1332 plasmid pKPC2_1332, complete sequence
MN542378	24.771	54	71861	48.59	ACGT	Klebsiella pneumoniae subsp. pneumoniae strain 607 plasmid pKPC2_sg2, complete sequence
CP018090	24.6288	55	40857	60.51	ACGT	Xanthomonas oryzae pv. oryzae strain YN24 plasmid pXOOYN24, complete sequence
KF701335	24.478	53	69453	48.89	ACGT	Escherichia coli strain HS102707 plasmid pHS102707, complete sequence
CP083579	23.9563	51	48702	61.42	ACGT	Xanthomonas phaseoli pv. manihotis strain CHN01 plasmid pXAM48, complete sequence
CP076065	23.8779	54	47316	61.95	ACGT	Vibrio splendidus strain ME9-GFP plasmid unnamed, complete sequence
CP081353	23.815	56	62417	49.19	ACGT	Klebsiella michiganensis strain CCRI-24235 plasmid pCCRI24235-2, complete sequence
CP075346	23.7723	59	94151	51.55	ACGT	Enterobacter kobei strain S18_CRE18 plasmid pCRE18_1, complete sequence
JQ432563	23.6194	50	44304	55.52	ACGT	Uncultured bacterium plasmid pMBUI1, complete sequence
AM157767	23.5623	54	69966	57.5	ACGT	Uncultured bacterium IncP-1gamma plasmid QKH54 complete genome
CP035195	23.5002	51	60128	47.15	ACGT	Klebsiella pneumoniae strain LH102-A plasmid pLH102-A, complete sequence
JQ432564	23.4402	51	50604	58.08	ACGT	Uncultured bacterium plasmid pKS208, complete sequence
LC623929	23.0627	51	49370	58.53	ACGT	Uncultured bacterium plasmid pYKCS045 DNA, complete sequence
MT667260	22.999	51	60430	47.01	ACGT	Escherichia coli strain GDE6P124 plasmid pHNEP124, complete sequence
LC623892	22.8929	49	53339	51.71	ACGT	Uncultured bacterium plasmid pMNBM077 DNA, complete sequence
CP081317	22.5392	51	52406	46.81	ACGT	Citrobacter farmeri strain CCRI-24236 plasmid pCCRI24236-3, complete sequence
CP028967	22.531	48	40559	64.45	ACGT	Aminobacter sp. MSH1 plasmid pBAM1, complete sequence
CP026268	22.5262	48	40564	64.44	ACGT	Aminobacter sp. MSH1 plasmid pBAM1, complete sequence
CP100552	22.5036	52	79836	59.35	ACGT	Pseudomonas sp. KHPS1 plasmid unnamed, complete sequence
CP110877	22.3262	50	52089	46.26	ACGT	Enterobacter kobei strain SCLZS19 plasmid p7_SCLZS19, complete sequence
CR555308	22.2308	51	223670	63.11	ACGT	Azoarcus sp. EbN1 plasmid 2
CP088736	22.0958	50	53825	46.58	ACGT	Escherichia coli strain B16EC1050 plasmid pB16EC1050-2, complete sequence
CP095142	22.0925	50	52096	46.25	ACGT	Klebsiella pneumoniae strain Iso00199 plasmid pIso00199_02, complete sequence
CP119077	22.0616	50	53106	46.65	ACGT	Klebsiella aerogenes strain RX7.1 plasmid pRX7.1, complete sequence
LC623894	22.0574	50	69454	48.19	ACGT	Uncultured bacterium plasmid pMNCG080 DNA, complete sequence
OP242290	22.0434	50	54724	46.5	ACGT	Escherichia coli strain LA172 plasmid pLAO80, complete sequence
LC532227	22.0387	52	61594	47.39	ACGT	Enterobacter hormaechei subsp. xiangfangensis A2504 plasmid pA2504imp-1 DNA, complete sequence
OW969791	22.0349	49	53718	46.63	ACGT	Klebsiella pneumoniae isolate 1962 genome assembly, plasmid: P2
CP063495	22.0096	51	56980	46.9	ACGT	Escherichia coli strain EF5-18-41 plasmid pEF5-18-41_3, complete sequence
CP067062	21.9646	49	36708	63.65	ACGT	Klebsiella pneumoniae strain ZJ27003 plasmid p27003_KPC, complete sequence
CP028855	21.9473	49	54031	46.55	ACGT	Klebsiella pneumoniae strain 3214 plasmid p5_3214, complete sequence
LC623895	21.9274	52	74115	48.36	ACGT	Uncultured bacterium plasmid pMNCG082 DNA, complete sequence
LC532225	21.9255	52	61594	47.39	ACGT	Enterobacter hormaechei subsp. xiangfangensis A2483 plasmid pA2483imp-1 DNA, complete sequence
MG552133	21.9108	53	60744	47.21	ACGT	Escherichia coli strain ECSC102 plasmid pECSC102, complete sequence
CP010418	21.8876	51	62783	56.76	ACGT	Azotobacter chroococcum NCIMB 8003 plasmid pAcX50c, complete sequence
OW849380	21.8853	49	55379	46.62	ACGT	Escherichia coli isolate 162 genome assembly, plasmid: P3
CP030221	21.8429	50	54912	46.38	ACGT	Salmonella enterica strain SA20021456 plasmid pSA20021456.2, complete sequence
OW848976	21.8407	49	55379	46.62	ACGT	Enterobacter cloacae isolate 96 genome assembly, plasmid: P2
KX377410	21.8039	51	57278	46.94	ACGT	Klebsiella pneumoniae strain WCHKP1511 plasmid pMCR_1511, complete sequence
AP023201	21.7308	49	57172	46.16	ACGT	Escherichia coli TUM18780 plasmid pMTY18780-4 DNA, complete sequence
AP025222	21.6926	49	51114	47.22	ACGT	Escherichia coli 2017.11.01CC plasmid p20171101CC-2 DNA, complete sequence
AP025217	21.6926	49	50950	47.22	ACGT	Escherichia coli 2017.09.02CC plasmid p20170902CC-3 DNA, complete sequence
CP117189	21.6625	54	205161	50.61	ACGT	Salmonella enterica subsp. diarizonae strain S499V plasmid unnamed1, complete sequence
CP082977	21.6539	49	54793	46.49	ACGT	Klebsiella pneumoniae strain BD-14 plasmid p2-BD-14, complete sequence
CP082987	21.6413	49	54793	46.49	ACGT	Klebsiella pneumoniae strain 7011.62 plasmid p2-7011.62, complete sequence
CP006788	21.5953	49	55956	45.88	ACGT	Escherichia coli JJ1886 plasmid pJJ1886_4, complete sequence
AP027823	21.5215	49	51115	47.22	ACGT	Escherichia coli 2017.17.01CC plasmid p2017.17.01CC_1 DNA, complete sequence
LC623911	21.5045	48	69067	54.12	ACGT	Uncultured bacterium plasmid pYKAM101 DNA, complete sequence
KP324830	21.3941	52	82807	46.2	ACGKRSTY	Escherichia coli isolate FP671 plasmid pHNFP671, complete sequence
CP049944	21.3769	52	60201	47.92	ACGT	Escherichia coli strain pV01-18-E02-25-25 plasmid pK18EC025, complete sequence
AY540995	21.3698	46	76958	62.03	ACGT	Achromobacter xylosoxidans subsp. denitrificans strain EST4002 plasmid pEST4011, complete sequence
AP027552	21.3006	51	66231	49.52	ACGT	Escherichia coli LR-51 plasmid pLR-51_2 DNA, complete sequence
LC623917	20.8402	48	43728	55.38	ACGT	Uncultured bacterium plasmid pYKBG036 DNA, complete sequence
CP021133	20.8126	51	79891	56.09	ACGT	Pseudomonas fragi strain NMC25 plasmid unnamed1, complete sequence
LC549805	20.8111	50	50507	47.02	ACGT	Escherichia coli VNCEc117 plasmid pVNCEc117 DNA, complete sequence
CP053213	20.8111	50	50638	47.08	ACGT	Escherichia coli strain QDFD216 plasmid unnamed2, complete sequence
MH043626	20.8089	50	50519	47.04	ACGT	Escherichia coli strain GDZJ004 plasmid pGDZJ004, complete sequence
MF489760	20.8085	50	52208	47.3	ACGT	Escherichia coli strain WCHEC-LL123 plasmid pMCR3_WCHEC-LL123, complete sequence
MF678351	20.8085	50	50520	47.04	ACGT	Escherichia coli strain WCHEC1943 plasmid pMCR3_WCHEC1943, complete sequence
AP027427	20.7772	50	50626	47.06	ACGT	Escherichia coli B27 plasmid pB27_3 DNA, complete sequence
MT449719	20.7636	50	50525	47.12	ACGT	Escherichia coli strain PN150 plasmid pPN150, complete sequence
MT449718	20.7626	50	50379	47.14	ACGT	Escherichia coli strain PN143 plasmid pPN143, complete sequence
CP027203	20.76	50	50520	47.04	ACGT	Escherichia coli strain WCHEC025943 plasmid pMCR3_025943, complete sequence
OP242281	20.7476	50	51823	47.22	ACGT	Escherichia coli strain LA130 plasmid pLAO62, complete sequence
MF455227	20.7402	49	50830	46.9	ACGT	Escherichia coli strain WZR12 plasmid pZR12 mcr3 gene cluster, complete sequence
CP113181	20.7289	50	53177	47.09	ACGT	Klebsiella pneumoniae strain SYCC1 plasmid pSYCC1_mcr-1_53k, complete sequence
AP025211	20.7093	49	50592	47.37	ACGT	Escherichia coli 2017.06.04CC plasmid p20170604CC-2 DNA, complete sequence
AP025207	20.7093	49	50591	47.37	ACGT	Escherichia coli 2017.04.03CC plasmid p20170403CC-2 DNA, complete sequence
MF978389	20.7093	49	52740	47.14	ACGT	Escherichia coli strain GDT6F36 plasmid pHNGDF36-1, complete sequence
MF990207	20.7093	49	50435	47.37	ACGT	Escherichia coli strain GDP6F1 plasmid pHNGDF1-1, complete sequence
CP055072	20.6812	49	52399	48.63	ACGT	Shigella flexneri strain SWHIN_97 plasmid unnamed2, complete sequence
CP134900	20.6694	48	47029	46.92	ACGT	Escherichia coli strain 3797 plasmid pMB3565_2, complete sequence
CP058710	20.6544	48	50634	47.61	ACGT	Escherichia coli strain S163-2 plasmid pS163-2.1, complete sequence
AP027508	20.6368	48	51087	46.91	ACGT	Escherichia coli LR-27 plasmid pLR-27_2 DNA, complete sequence
CP102829	20.6368	48	50798	46.94	ACGT	Salmonella enterica subsp. enterica serovar Indiana strain XZ14C1328 plasmid pYUXZC1328-mcr, complete sequence
AP027517	20.6368	48	51086	46.91	ACGT	Escherichia coli LR-29-1 plasmid pLR-29-1_2 DNA, complete sequence
KY463452	20.6368	48	49897	46.97	ACGT	Escherichia coli strain WCHEC1622 plasmid pMCR_WCHEC1622, complete sequence
CP032987	20.6075	48	51622	46.91	ACGT	Escherichia coli strain BE2-5 plasmid pMCR_BE2-5, complete sequence
CP058723	20.596800000000002	48	50603	47.61	ACGT	Escherichia coli strain M159-1 plasmid pM159-1.4, complete sequence
CP024128	20.56	48	50013	47.02	ACGT	Escherichia coli strain 14EC001 plasmid p14EC001a, complete sequence
AP024138	20.4014	46	49174	50.33	ACGT	Aeromonas caviae KAM329 plasmid pKAM329_2 DNA, complete sequence
MH043623	20.4006	50	50818	47.11	ACGT	Escherichia coli strain GDZJ002 plasmid pGDZJ002-1, complete sequence
AP027876	20.3746	47	47676	47.19	ACGT	Escherichia coli 2018-02-2CC plasmid p2018-02-2CC_3 DNA, complete sequence
MF136778	20.3746	47	47818	47.2	ACGT	Escherichia coli strain HKSHmcr1_P2_EC plasmid pHKSHmcr1_P2_p1, complete sequence
AP021897	20.3746	47	47676	47.19	ACGT	Escherichia coli 2018.02.02CC plasmid p2018_02_02CC DNA, complete genome
CP058728	20.3645	48	50633	47.61	ACGT	Escherichia coli strain S171-1 plasmid pS171-1.3, complete sequence
KY352406	20.2265	47	47824	47.21	ACGT	Salmonella enterica subsp. enterica serovar Typhimurium strain YL14P053 plasmid pMCR16_P053, complete sequence
CP063478	20.1774	47	47841	47.19	ACGT	Escherichia coli strain EM10-18-28 plasmid pEM10-18-28_2, complete sequence
CP063470	20.1584	47	47839	47.2	ACGT	Escherichia coli strain EM20-18-50 plasmid pEM20-18-50_3, complete sequence
KX580713	20.1473	47	47409	47.19	ACGT	Escherichia coli strain ZJ623 plasmid, complete sequence
AP027669	20.1473	47	45537	47.12	ACGT	Escherichia coli PSS-04 plasmid pPSS-04_3 DNA, complete sequence
MH043625	20.0831	50	50537	46.96	ACGT	Escherichia coli strain GDZJ003 plasmid pGDZJ003-1-MCR-3, complete sequence
AP025731	20.0816	47	30838	64.99	ACGT	Sphaerotilus sp. FB-5 plasmid pFB-5 DNA, complete sequence
CP081817	20.0509	47	45511	47.11	ACGT	Klebsiella pneumoniae strain AR8416 plasmid p3, complete sequence
MG692708	19.9939	36	16837	62.11	ACGT	Escherichia coli TCJ492-9 plasmid p492-9 contig COV44U1_c9 genomic sequence
MW791424	19.9637	48	57341	47.89	ACGT	Escherichia coli strain HDC161 plasmid pHDC161-KPC, complete sequence
KC170283	19.7921	49	40596	47.14	ACGT	Uncultured bacterium plasmid pDS1, complete sequence
CP016850	19.7594	48	99718	55.93	ACGT	Pseudomonas sp. TMW 2.1634 plasmid pL21564-1, complete sequence
AP022551	19.6221	49	46459	45.02	ACGT	Escherichia coli THO-015 plasmid pTHO-015-2 DNA, complete sequence
CP062878	19.4	48	46158	45.53	ACGT	Escherichia coli O157:H16 strain Res13-Lact-PEA12-26 plasmid unnamednovel_0, complete sequence
CP088752	19.3806	48	42079	45.33	ACGT	Escherichia coli strain B16EC0942 plasmid pB16EC0942-8, complete sequence
CP056799	19.374	48	41391	45.37	ACGT	Escherichia coli strain RHBSTW-00177 plasmid pRHBSTW-00177_6, complete sequence
CP061111	19.3705	48	41391	45.37	ACGT	Escherichia coli strain 1EC187 plasmid pEC187_3, complete sequence
CP045957	19.3176	47	41464	45.29	ACGT	Salmonella enterica subsp. enterica serovar Enteritidis strain AUSMDU00010527 plasmid pAUSMDU00010527, complete sequence
AP027835	19.3098	47	41696	45.37	ACGT	Escherichia coli 2017.17.03CC plasmid p2017.17.03CC_6 DNA, complete sequence
CP123653	19.3089	47	41464	45.29	ACGT	Salmonella enterica strain 19MN02PC03 plasmid pN19S0223-3, complete sequence
CP057780	19.3071	47	41696	45.36	ACGT	Escherichia coli strain RHB15-C18 plasmid pRHB15-C18_3, complete sequence
CP114343	19.3067	47	41466	45.3	ACGT	Escherichia coli strain 2022CK-00557 plasmid unnamed3, complete sequence
CP118410	19.3021	47	42093	45.33	ACGT	Escherichia coli strain GABEEC10 plasmid pGABEEC10_3, complete sequence
CP075702	19.248	46	40792	45.4	ACGT	Escherichia coli strain STEC2018-607 plasmid pSTEC2018_607-e, complete sequence
CP069715	19.2311	48	41110	45.4	ACGT	Escherichia coli strain EA13 plasmid pTA13-3, complete sequence
CP033354	19.2098	47	41696	45.37	ACGT	Salmonella enterica subsp. enterica strain CFSA664 plasmid pCFSA664-2, complete sequence
CP127008	19.2087	47	41696	45.37	ACGT	Escherichia coli strain YZ3-11 plasmid unnamed4, complete sequence
CP073612	19.1973	47	41465	45.3	ACGT	Escherichia coli strain 588889 plasmid p588889_3, complete sequence
CP055103	19.1743	47	43384	45.74	ACGT	Shigella flexneri strain SWHIN_107 plasmid unnamed4, complete sequence
CP057569	19.1528	46	41486	45.44	ACGT	Escherichia fergusonii strain RHB23-C01 plasmid pRHB23-C01_5, complete sequence
CP025711	19.1318	46	41544	45.34	ACGT	Escherichia coli strain YDC107 plasmid pYDC107_41, complete sequence
CP088791	19.123	46	46496	46.11	ACGT	Escherichia coli strain B16EC0557 plasmid pB16EC0557-1, complete sequence
CP073604	18.9986	46	41095	45.26	ACGT	Escherichia coli strain 591229 plasmid p591229_1, complete sequence
CP051225	18.9481	48	41113	45.39	ACGT	Escherichia coli strain SCZE5 plasmid pSCZE3
CP060877	18.8326	46	45345	45.95	ACGT	Escherichia coli strain EC27 plasmid pEC27-5, complete sequence
CP065104	18.8301	46	42680	45.36	ACGT	Salmonella enterica subsp. enterica strain SENT0058 plasmid pS58-43k, complete sequence
CP082959	18.6804	48	52879	46.68	ACGT	Salmonella enterica subsp. arizonae strain S499 plasmid unnamed5, complete sequence
CP044383	18.447	51	50621	47.16	ACGT	Klebsiella pneumoniae strain 2018S07-013 plasmid p2018S07-013-3_MCR3, complete sequence
CP021078	16.9691	41	44155	46.81	ACGT	Citrobacter braakii strain SCC4 plasmid pSCC4, complete sequence
CP042602	15.7126	50	50625	47.14	ACGT	Escherichia coli strain NCYU-29-69 plasmid pNCYU-29-69-3_MCR3, complete sequence
AP023399	14.9456	43	134822	59.69	ACGT	Aeromonas hydrophila KAM330 plasmid pKAM330_1 DNA, complete sequence
CP061235	14.7306	47	41448	45.33	ACGT	Escherichia coli strain STEC639 plasmid pSTEC639_3, complete sequence
JX469824	14.5907	42	19257	64.08	ACGT	Uncultured bacterium plasmid pRSB222, partial sequence
CP048897	14.4663	44	39060	48.67	ACGT	Neisseria gonorrhoeae strain SRRSH229 plasmid unnamed1, complete sequence
CP106778	14.4654	44	39245	48.78	ACGT	Neisseria gonorrhoeae strain 10727 plasmid pConjugative, complete sequence
CP138344	14.4622	43	39060	48.67	ACGT	Neisseria gonorrhoeae strain TH1713 plasmid pConj, complete sequence
CP138341	14.4622	43	39060	48.67	ACGT	Neisseria gonorrhoeae strain TH2288 plasmid pConj, complete sequence
CP048247	14.4622	43	39072	48.67	ACGT	Neisseria gonorrhoeae strain CT602 plasmid unnamed1, complete sequence
CP106919	14.4618	43	39054	48.68	ACGT	Neisseria gonorrhoeae strain 9071 plasmid pConjugative, complete sequence
CP002441	14.4606	43	39054	48.67	ACGT	Neisseria gonorrhoeae TCDC-NG08107 plasmid pNGTCDC08107, complete sequence
CP106822	14.4107	44	39054	48.67	ACGT	Neisseria gonorrhoeae strain 10529 plasmid pConjugative, complete sequence
AP018382	14.3981	44	39058	48.67	ACGT	Neisseria gonorrhoeae plasmid pConjugative FC460 DNA, complete genome
AP018378	14.3981	44	39058	48.67	ACGT	Neisseria gonorrhoeae plasmid pConjugative FC428 DNA, complete genome
AP018386	14.3981	44	39058	48.67	ACGT	Neisseria gonorrhoeae plasmid pConjugative FC498 DNA, complete genome
LT591902	14.3968	44	39054	48.67	ACGT	Neisseria gonorrhoeae strain WHO L genome assembly, plasmid: 2
MT296560	14.3936	43	39054	48.67	ACGT	Neisseria gonorrhoeae strain 140 plasmid pB, complete sequence
LT592148	14.3936	43	39015	48.68	ACGT	Neisseria gonorrhoeae strain WHO O genome assembly, plasmid: 3
LT592164	14.3924	43	39054	48.67	ACGT	Neisseria gonorrhoeae strain WHO_W genome assembly, plasmid: 2
CP034033	14.3894	43	39053	48.66	ACGT	Neisseria gonorrhoeae strain FQ01 plasmid unnamed1, complete sequence
LT591906	14.3891	43	39015	48.68	ACGT	Neisseria gonorrhoeae strain WHO M genome assembly, plasmid: 3
CP048912	14.3654	44	39059	48.67	ACGT	Neisseria gonorrhoeae strain SRRSH204 plasmid unnamed1, complete sequence
CP048900	14.3652	44	39059	48.67	ACGT	Neisseria gonorrhoeae strain SRRSH214 plasmid unnamed1, complete sequence
CP048906	14.3634	44	39059	48.67	ACGT	Neisseria gonorrhoeae strain SRRSH205 plasmid unnamed1, complete sequence
CP050931	14.3185	43	41356	47.95	ACGT	Neisseria gonorrhoeae strain NG211 plasmid p1, complete sequence
CP043813	14.3185	43	41357	47.96	ACGT	Neisseria gonorrhoeae strain NG290 plasmid p1, complete sequence
CP045708	14.3122	42	42907	47.61	ACGT	Neisseria gonorrhoeae strain NG250 plasmid p1, complete sequence
CP068762	14.3071	42	42003	47.95	ACGT	Neisseria gonorrhoeae strain 20181204 plasmid unnamed1, complete sequence
CP116343	14.3071	42	42004	47.95	ACGT	Neisseria gonorrhoeae strain SE690. plasmid pConj, complete sequence
CP048903	14.3057	44	39059	48.67	ACGT	Neisseria gonorrhoeae strain SRRSH207 plasmid unnamed1, complete sequence
AP019854	14.3022	44	39057	48.67	ACGT	Neisseria gonorrhoeae SS3160 plasmid pConjugative DNA, complete genome
CP043817	14.3016	43	41356	47.95	ACGT	Neisseria gonorrhoeae strain NG251 plasmid p1, complete sequence
CP048255	14.2963	42	42003	47.95	ACGT	Neisseria gonorrhoeae strain CT530 plasmid unnamed1, complete sequence
CP045833	14.2884	42	41998	47.94	ACGT	Neisseria gonorrhoeae strain AUSMDU00010541 plasmid pAUSMDU00010541_01, complete sequence
CP048894	14.2651	44	39059	48.67	ACGT	Neisseria gonorrhoeae strain SRRSH240 plasmid unnamed1, complete sequence
CP020416	14.2476	44	39053	48.67	ACGT	Neisseria gonorrhoeae strain FDAARGOS_205 plasmid unnamed1, complete sequence
MT296568	14.2428	42	42004	47.92	ACGT	Neisseria gonorrhoeae strain 266 plasmid pB, complete sequence
LT591899	14.2424	42	42004	47.95	ACGT	Neisseria gonorrhoeae strain WHO G genome assembly, plasmid: 2
MT296565	14.2424	42	42003	47.94	ACGT	Neisseria gonorrhoeae strain 224 plasmid pB, complete sequence
LT591912	14.2413	42	42004	47.95	ACGT	Neisseria gonorrhoeae strain WHO N genome assembly, plasmid: 3
GU479466	14.2407	42	42004	47.95	ACGT	Neisseria gonorrhoeae strain 5289 plasmid pEP5289, complete sequence
MT296573	14.2382	42	42004	47.95	ACGT	Neisseria gonorrhoeae strain 314 plasmid pB, complete sequence
MT296571	14.2382	42	42005	47.95	ACGT	Neisseria gonorrhoeae strain 297 plasmid pB, complete sequence
MT296576	14.2318	42	43015	47.57	ACGT	Neisseria gonorrhoeae strain 324 plasmid pB, complete sequence
CP043872	14.2284	43	41355	47.95	ACGT	Neisseria gonorrhoeae strain NG196 plasmid p1, complete sequence
CP048930	14.209	42	41999	47.94	ACGT	Neisseria gonorrhoeae strain CT213 plasmid unnamed1, complete sequence
CP097847	14.206	42	41997	47.94	ACGT	Neisseria gonorrhoeae strain AT159 plasmid pConj, complete sequence
CP048251	14.1889	42	42001	47.95	ACGT	Neisseria gonorrhoeae strain CT532 plasmid unnamed1, complete sequence
CP048909	14.1882	44	39059	48.67	ACGT	Neisseria gonorrhoeae strain SRRSH203 plasmid unnamed1, complete sequence
OP328419	14.0829	46	62602	47.23	ACGT	Salmonella enterica subsp. enterica serovar Rissen strain SA535 plasmid pSA535-CTX-M-27, complete sequence
CP038019	13.962	42	39819	50.56	ACGT	Eikenella exigua strain PXX plasmid unnamed1, complete sequence
CP050254	13.7562	36	32446	37.13	ACGT	Zophobihabitans entericus strain IPMB12 plasmid pIPMB12, complete sequence
CP076059	10.3152	26	214655	52.1	ACGT	Escherichia coli strain DA51104 plasmid pDA51104_214, complete sequence
BK037425	8.3174	29	31349	47.19	ACGT	MAG TPA_asm: Inoviridae sp. isolate cta6A2, partial genome
CP017294	7.689	43	398087	59.37	ACGT	Pseudomonas aeruginosa strain PA83 plasmid unnamed1, complete sequence
MN125609	7.5435	25	93619	50.35	ACGT	Salmonella enterica subsp. enterica serovar Enteritidis strain 1.15-2E5 plasmid p1.15-2E5, complete sequence
KT950740	7.5053	19	16230	58.74	ACGT	Escherichia coli strain 10-Beta plasmid pJM50, complete sequence
KT950741	7.4232	18	16863	56.83	ACGT	Escherichia coli strain 10-Beta plasmid pJM105, complete sequence
CP000451	7.4011	34	65132	49.8	ACGT	Nitrosomonas eutropha C91 plasmid p1, complete sequence
KP008371	7.3228	28	127970	51.69	ACGT	Klebsiella pneumoniae strain 565 plasmid PKPCAPSS, complete sequence
CP100668	7.228	19	29336	47.22	ACGT	Salmonella enterica subsp. enterica serovar Enteritidis strain R18.1630 plasmid pR18.1630_29k, complete sequence
CP099974	7.228	19	29336	47.22	ACGT	Salmonella enterica subsp. enterica serovar Enteritidis strain SE006 plasmid unnamed
CP071688	7.228	19	29336	47.22	ACGT	Salmonella sp. SAL-007 plasmid unnamed2, complete sequence
CP125222	7.228	19	29336	47.22	ACGT	Salmonella enterica subsp. enterica serovar Enteritidis strain sm140 plasmid unnamed2, complete sequence
CP126142	7.221	19	29336	47.23	ACGT	Salmonella enterica subsp. enterica serovar Enteritidis strain DSE06 plasmid unnamed2, complete sequence
CP041175	7.0644	17	29337	47.22	ACGT	Salmonella enterica subsp. enterica serovar Enteritidis strain SJTUF12519v2 plasmid p12519B, complete sequence
LC620533	6.9352	27	103535	49.47	ACGT	Escherichia coli I66 plasmid pI66 DNA, complete sequence
LT837804	6.8143	37	39597	61.04	ACGNT	Sterolibacterium denitrificans strain Chol genome assembly, plasmid: SDENCHOLpa
JX041889	6.7779	19	19755	57.51	ACGRT	Acinetobacter baylyi transposon IS26-composite, complete sequence
OR392453	6.6105	16	14747	51.37	ACGT	Vector pMON521-ToMoV{A}1.5mer, complete sequence
OR392454	6.5592	15	16123	49.91	ACGT	Vector pMON521-ToMoV{B}1.5mer, complete sequence
CP124987	5.9953	19	73681	53.82	ACGT	Escherichia coli strain KSE-C30 plasmid pKSE-C30_2, complete sequence
CP005961	5.7273	36	410512	55.08	ACGT	Pseudomonas mandelii JR-1 plasmid, complete sequence
CP000530	5.6466	40	353291	57.55	ACGT	Polaromonas naphthalenivorans CJ2 plasmid pPNAP01, complete sequence
FP475957	5.5479	41	46756	60.49	ACGT	Thiomonas sp. str. 3As plasmid pTHI, complete genome
CP058628	5.5109	24	42950	63.79	ACGT	Chitinibacter bivalviorum strain 2T18 plasmid unnamed2, complete sequence
CP091425	5.3016	32	349359	48.89	ACGT	Methylobacter sp. YRD-M1 plasmid unnamed1, complete sequence
CR522871	5.2058	25	121587	43.61	ACGT	Desulfotalea psychrophila LSv54, large plasmid
AP025274	5.1066	33	323125	58.33	ACGT	Pseudomonas alcaligenes MRCP2 plasmid pMRCP2 DNA, complete sequence
CP095284	4.9344	24	39994	50.89	ACGT	Aeromonas hydrophila strain Ah2111 plasmid unnamed3, complete sequence
AP018811	4.7949	23	75799	53.07	ACGT	Escherichia coli E2865 plasmid pE2865-3 DNA, complete genome
CP044084	4.7913	29	585976	54.95	ACGT	Pseudomonas luteola strain FDAARGOS_637 plasmid unnamed1, complete sequence
CP044973	4.4347	31	319548	61.07	ACGT	Hydrogenophaga sp. PBL-H3 substr. PBL-H3(B4) plasmid pPBL-H3_B4-1, complete sequence
CP044976	4.4347	31	319548	61.07	ACGT	Hydrogenophaga sp. PBL-H3 substr. PBL-H3(B2) plasmid pPBL-H3_B2-1, complete sequence
CP070495	4.2984	25	70104	50.57	ACGT	Methylomonas sp. EFPC1 plasmid unnamed, complete sequence
FP340277	4.1799	29	27212	57.34	ACGT	Xanthomonas albilineans str. GPE PC73, plasmid, complete genome
CP047313	4.151	33	388915	56.1	ACGT	Pseudomonas putida strain YC-AE1 plasmid unnamed2, complete sequence
OR166498	4.049	15	5126	56.24	ACGT	Cloning vector 6_pRF_PPIp_APH, complete sequence
OX638702	3.9248	23	290802	56.95	ACGT	Pseudomonas aeruginosa strain 4782MK genome assembly, plasmid: p4782_002
OR166493	3.8363	17	6006	56.53	ACGT	Cloning vector 1_pRF_GAPDHp_HPH, complete sequence
LT717086	3.7658	16	8046	53.75	ACGT	Trichophyton benhamiae plasmid pNDC10_G418
CP100287	3.7218	32	177259	62.47	ACGT	Burkholderia glumae strain BGR48S plasmid p48s1p, complete sequence
OR166497	3.6834	14	5627	56.48	ACGT	Cloning vector 5_pRF_60Sp_HPH, complete sequence
CP047314	3.6611	29	46207	57.73	ACGT	Pseudomonas putida strain YC-AE1 plasmid unnamed3, complete sequence
CP020371	3.6609	36	416864	65.97	ACGT	Candidatus Thiodictyon syntrophicum strain Cad16T plasmid pTs417, complete sequence
OR166495	3.6524	14	5669	55.81	ACGT	Cloning vector 3_pRF_UBIp_HPH, complete sequence
OR166494	3.6497	14	5397	55.94	ACGT	Cloning vector 2_pRF_D9FADp_HPH, complete sequence
OR166496	3.6481	14	5360	55.82	ACGT	Cloning vector 4_pRF_PPIp_HPH, complete sequence
CP011518	3.6241	30	633357	63.87	ACGT	Pandoraea oxalativorans strain DSM 23570 plasmid pPO70-1, complete sequence
CP084282	3.6151	28	161349	61.05	ACGT	Cupriavidus pauculus strain BHJ32i plasmid p2, complete sequence
AP022310	3.5759	32	481972	59.27	ACGT	Burkholderia sp. SFA1 plasmid BSFA1_p2 DNA, complete genome
OR636129	3.5585	11	10698	51.39	ACGT	Vector pEAQHT/35s:p19:xGluchy:mCherry:NosT, complete sequence
CP100258	3.4824	33	362586	62.45	ACGT	Burkholderia glumae strain BGR76S plasmid p76s1p, complete sequence
OR166499	3.4687	14	4889	56.49	ACGT	Cloning vector 7_pRF_PPIp_NAT, complete sequence
CP018848	3.4506	29	220688	59.23	ACGT	Xanthomonas citri pv. citri strain LL074-4 plasmid pLL074-4.1, complete sequence
CP115664	3.45	12	8219	53.47	ACGT	Pseudomonas putida strain PD584_L3 plasmid pPD584_L3, complete sequence
CP115666	3.45	12	8187	53.52	ACGT	Pseudomonas putida strain PD584 plasmid pPD584, complete sequence
CP115662	3.45	12	8187	53.52	ACGT	Pseudomonas putida strain PD689_delTT1 plasmid pPD689_tt_L1, complete sequence
CP137540	3.4485	27	255122	59.67	ACGT	Xanthomonas euvesicatoria strain T0319-01 plasmid p3191.1, complete sequence
CP102485	3.4482	32	249693	61.91	ACGT	Burkholderia contaminans strain DM32 chromosome 4, complete sequence
CP120839	3.4197	15	4852	59.71	ACGT	Salmonella enterica subsp. enterica strain 21A plasmid unnamed2, complete sequence
CP075772	3.3662	31	204064	57.75	ACGT	Pseudomonas aeruginosa strain PaLo532 plasmid pPALO532, complete sequence
CP087967	3.3579	35	563760	59.14	ACGT	Polaromonas sp. P1-6 plasmid unnamed1, complete sequence
CP116728	3.356	30	196589	59.21	ACGT	Pseudomonas aeruginosa strain 2875 plasmid unnamed
CP045089	3.269	30	201571	61.42	ACGT	Burkholderia glumae strain GX plasmid pWSGX1, complete sequence
CP122303	3.2561	13	4852	59.71	ACGT	Salmonella enterica strain 27A plasmid unnamed2, complete sequence
CP046494	3.2268	29	26710	57.49	ACGT	Xanthomonas oryzae pv. oryzae strain BXO447 plasmid pBXO447, complete sequence
CP085998	3.1796	32	213709	62.13	ACGT	Burkholderia vietnamiensis strain FDAARGOS_1590 plasmid unnamed1, complete sequence
CP000317	3.1784	30	360405	56.91	ACGT	Polaromonas sp. JS666 plasmid 1, complete sequence
CP060447	3.1756	31	220762	62.76	ACGT	Xanthomonas citri pv. citri strain DAR72029 plasmid pXAS220, complete sequence
CP060457	3.1732	31	219634	62.76	ACGT	Xanthomonas citri pv. citri strain DAR73909 plasmid pXAS220, complete sequence
CP060471	3.1732	31	219409	62.76	ACGT	Xanthomonas citri pv. citri strain DAR73889 plasmid pXAS220, complete sequence
CP082864	3.1117	32	188281	60.67	ACGT	Cupriavidus pauculus strain FDAARGOS_1472 plasmid unnamed1, complete sequence
LC685026	3.104	28	179007	59.48	ACGT	Pseudomonas aeruginosa PAO1808 plasmid R716 DNA, complete sequence
CP071829	3.0803	28	152479	62.85	ACGT	Burkholderia anthina strain 1CH1 plasmid unnamed5, complete sequence
CP033203	3.0751	28	25634	57.29	ACGT	Xanthomonas oryzae pv. oryzae strain BXO1 plasmid pBXO1-2, complete sequence
CP046490	3.07	28	25652	57.31	ACGT	Xanthomonas oryzae pv. oryzae strain IXO35 plasmid pIXO35-2, complete sequence
CP136337	3.0554	30	200976	60.74	ACGT	Piscinibacter gummiphilus strain SBD 7-3 plasmid unnamed1, complete sequence
CP000461	3.0505	27	164857	61.83	ACGT	Burkholderia cenocepacia HI2424 plasmid unnamed1, complete sequence
CP046480	3.046	27	25634	57.3	ACGT	Xanthomonas oryzae pv. oryzae strain IXO842 plasmid pIXO842, complete sequence
CP100158	3.0241	26	132942	60.62	ACGT	Burkholderia glumae strain BGR49S plasmid p49s1p, complete sequence
CP097558	3.0176	30	177192	59.56	ACGT	Pseudomonas aeruginosa strain C1.3 plasmid pPAC1.3a, complete sequence
CP023206	3.0147	31	135963	63.34	ACGT	Burkholderia glumae strain 336gr-1 plasmid unnamed2, complete sequence
CP100242	2.9834	26	116826	63.62	ACGT	Burkholderia glumae strain BGR22S plasmid p22s3p, complete sequence
CP100146	2.9735	25	132942	60.62	ACGT	Burkholderia glumae strain BGR39S plasmid p39s1p, complete sequence
CP100164	2.9735	25	132942	60.62	ACGT	Burkholderia glumae strain BGR57S plasmid p57s1p, complete sequence
CP100276	2.9735	25	132942	60.62	ACGT	Burkholderia glumae strain BGR73S plasmid p73s1p, complete sequence
CP100270	2.9735	25	132942	60.62	ACGT	Burkholderia glumae strain BGR68S plasmid p68s1p, complete sequence
CP001505	2.9735	25	133591	60.59	ACGT	Burkholderia glumae BGR1 plasmid bglu_1p, complete sequence
CP033649	2.9735	25	132944	60.62	ACGT	Burkholderia glumae strain YH67 plasmid p1_YH67, complete sequence
CP100199	2.9735	25	132941	60.62	ACGT	Burkholderia glumae strain PERW1RS plasmid perw1rs1p, complete sequence
CP033637	2.9735	25	132944	60.62	ACGT	Burkholderia glumae strain YH38 plasmid p1_YH38, complete sequence
CP100193	2.9735	25	132942	60.62	ACGT	Burkholderia glumae strain TW34RS plasmid ptw34rs1p, complete sequence
CP100229	2.9735	25	132943	60.62	ACGT	Burkholderia glumae strain SEW1RS plasmid pse1rs1p, complete sequence
CP100211	2.9735	25	132942	60.62	ACGT	Burkholderia glumae strain EW10RS plasmid pew10rs1p, complete sequence
CP100152	2.9735	25	132942	60.62	ACGT	Burkholderia glumae strain BGR82S plasmid p82s1p, complete sequence
CP100170	2.9735	25	132942	60.62	ACGT	Burkholderia glumae strain BGR59S plasmid p59s1p, complete sequence
CP100205	2.9735	25	132942	60.62	ACGT	Burkholderia glumae strain PW30RS plasmid pw30rs1p, complete sequence
CP033648	2.9735	25	132944	60.62	ACGT	Burkholderia glumae strain YH43 plasmid p1_YH43, complete sequence
CP100217	2.9735	25	132943	60.62	ACGT	Burkholderia glumae strain SW2RS plasmid psw2rs1p, complete sequence
CP100223	2.9735	25	132941	60.62	ACGT	Burkholderia glumae strain POW17RS plasmid pow17rs1p, complete sequence
CP090644	2.9581	28	199797	61.79	ACGT	Burkholderia contaminans strain LMG 23361 plasmid unnamed2, complete sequence
CP028810	2.9581	28	200961	61.74	ACGT	Burkholderia contaminans strain SK875 plasmid p875, complete sequence
CP060042	2.9531	27	160144	61.67	ACGT	Burkholderia cenocepacia strain PS27 plasmid pBCPS27, complete sequence
CP000543	2.951	28	31194	58.61	ACGT	Verminephrobacter eiseniae EF01-2 plasmid pVEIS01, complete sequence
CP100246	2.9433	28	169201	62.44	ACGT	Burkholderia glumae strain BGR28S plasmid p28s1p, complete sequence
CP041355	2.9117	27	185168	59.34	ACGT	Pseudomonas aeruginosa strain AZPAE15042 plasmid pIHMA87, complete sequence
CP099604	2.8869	35	289855	68.6	ACGT	Comamonadaceae bacterium OTU4NAUVB1 plasmid unnamed3, complete sequence
CP090638	2.8854	27	198595	61.81	ACGT	Burkholderia contaminans strain FFI45 plasmid unnamed1, complete sequence
CP116673	2.8576	29	188317	58.84	ACGT	Xanthomonas hortorum pv. pelargonii strain 305 plasmid unnamed1, complete sequence
CP100166	2.849	30	141000	62.77	ACGT	Burkholderia glumae strain BGR57S plasmid p57s3p, complete sequence
CP100278	2.849	30	141000	62.77	ACGT	Burkholderia glumae strain BGR73S plasmid p73s3p, complete sequence
CP100172	2.849	30	141000	62.77	ACGT	Burkholderia glumae strain BGR59S plasmid p59s3p, complete sequence
CP001507	2.849	30	141067	62.68	ACGT	Burkholderia glumae BGR1 plasmid bglu_3p, complete sequence
CP100201	2.849	30	140999	62.77	ACGT	Burkholderia glumae strain PERW1RS plasmid perw1rs3p, complete sequence
CP100231	2.849	30	141000	62.77	ACGT	Burkholderia glumae strain SEW1RS plasmid pse1rs3p, complete sequence
CP100207	2.849	30	141000	62.77	ACGT	Burkholderia glumae strain PW30RS plasmid pw30rs3p, complete sequence
CP033646	2.849	30	141001	62.77	ACGT	Burkholderia glumae strain YH43 plasmid p3_YH43, complete sequence
CP100148	2.849	30	136971	62.82	ACGT	Burkholderia glumae strain BGR39S plasmid p39s3p, complete sequence
CP033639	2.849	30	141001	62.77	ACGT	Burkholderia glumae strain YH38 plasmid p3_YH38, complete sequence
CP100195	2.849	30	141000	62.77	ACGT	Burkholderia glumae strain TW34RS plasmid ptw34rs3p, complete sequence
CP100154	2.849	30	141000	62.77	ACGT	Burkholderia glumae strain BGR82S plasmid p82s3p, complete sequence
CP100213	2.849	30	141000	62.77	ACGT	Burkholderia glumae strain EW10RS plasmid pew10rs3p, complete sequence
CP100272	2.849	30	141000	62.77	ACGT	Burkholderia glumae strain BGR68S plasmid p68s3p, complete sequence
OX638611	2.8442	26	179283	59.51	ACGT	Pseudomonas aeruginosa strain 3541 genome assembly, plasmid: p3541_1
CP102465	2.8406	29	240894	62	ACGT	Burkholderia contaminans strain NML151013 plasmid unnamed1, complete sequence
CP042167	2.8406	29	239952	61.99	ACGT	Burkholderia contaminans strain ZCC plasmid unnamed1, complete sequence
CP102470	2.8406	29	240902	62	ACGT	Burkholderia contaminans strain NML151067 plasmid unnamed1, complete sequence
CP100247	2.8383	23	136971	60.44	ACGT	Burkholderia glumae strain BGR28S plasmid p28s2p, complete sequence
CP046610	2.8279	28	152473	62.06	ACGT	Burkholderia contaminans strain XL73 plasmid unnamed1, complete sequence
CP100219	2.8149	30	141000	62.77	ACGT	Burkholderia glumae strain SW2RS plasmid psw2rs3p, complete sequence
CP100225	2.8149	30	140999	62.77	ACGT	Burkholderia glumae strain POW17RS plasmid pow17rs3p, complete sequence
CP000534	2.8126	29	58808	59.56	ACGT	Polaromonas naphthalenivorans CJ2 plasmid pPNAP05, complete sequence
OQ548061	2.7823	12	10583	52.29	ACGT	Vector pSEVA621, complete sequence
CP100288	2.7783	26	132942	61.71	ACGT	Burkholderia glumae strain BGR48S plasmid p48s2p, complete sequence
CP100138	2.7746	27	204816	62.17	ACGT	Burkholderia glumae strain R93 plasmid pr931p, complete sequence
CP033671	2.7713	25	141000	63.24	ACGT	Burkholderia glumae strain BGR80S plasmid p2_BGR80S, complete sequence
CP100302	2.7713	25	141000	63.24	ACGT	Burkholderia glumae strain BGR81S plasmid p81s2p, complete sequence
CP011920	2.7672	27	191945	61.55	ACGT	Burkholderia cenocepacia strain ST32 plasmid pBCEN1232, complete sequence
CP084270	2.7669	24	202006	59.88	ACGT	Caballeronia sp. Lep1P3 plasmid p2, complete sequence
CP019677	2.7642	27	191387	61.56	ACGT	Burkholderia cenocepacia strain VC1254 plasmid, complete sequence
CP103843	2.7597	28	189458	58.85	ACGT	Xanthomonas hortorum pv. pelargonii strain 22-324 plasmid unnamed1, complete sequence
CP033651	2.7588	30	141001	62.8	ACGT	Burkholderia glumae strain YH67 plasmid p3_YH67, complete sequence
CP002181	2.7493	22	36085	46.77	ACGT	Yersinia pestis Java 9 plasmid pJARS36, complete sequence
CP130147	2.7236	23	123248	60.21	ACGT	Burkholderia glumae strain BD_21g plasmid p1_21g, complete sequence
CP100160	2.7004	32	141000	62.8	ACGT	Burkholderia glumae strain BGR49S plasmid p49s3p, complete sequence
CP137533	2.6947	25	250793	59.64	ACGT	Xanthomonas euvesicatoria strain XpT39 plasmid pXpT39.1, complete sequence
CP137537	2.6907	25	251985	59.65	ACGT	Xanthomonas euvesicatoria strain XpT32 plasmid pXpT32.1, complete sequence
CP033661	2.6883	28	161144	62.21	ACGT	Burkholderia glumae strain BGR15S plasmid p3_BGR15S, complete sequence
CP096947	2.6808	30	192317	58.64	ACGT	Pseudomonas aeruginosa strain NY5530 plasmid pNY5530-NR1, complete sequence
CP033658	2.6693	25	136971	61.77	ACGT	Burkholderia glumae strain BGR13S plasmid p2_BGR13S, complete sequence
CP018732	2.6638	27	203385	59.15	ACGT	Xanthomonas hortorum pv. gardneri strain ICMP 7383 plasmid pICMP7383.1, complete sequence
CP009994	2.6593	22	36084	46.77	ACGT	Yersinia pestis strain Java9 plasmid p2, complete sequence
CP000871	2.6539	26	167422	61.33	ACGT	Burkholderia multivorans ATCC 17616 plasmid pBMUL01, complete sequence
AP009388	2.6539	26	167422	61.33	ACGT	Burkholderia multivorans ATCC 17616 plasmid pTGL1 DNA, complete sequence
CP100301	2.6435	24	197403	61.68	ACGT	Burkholderia glumae strain BGR81S plasmid p81s1p, complete sequence
CP033673	2.6435	24	197403	61.68	ACGT	Burkholderia glumae strain BGR80S plasmid p1_BGR80S, complete sequence
CP047317	2.634	26	122067	61.54	ACGT	Burkholderia glumae AU6208 plasmid pwszb, complete sequence
CP100185	2.6131	28	52685	60.58	ACGT	Burkholderia glumae strain R5 plasmid pR53p, complete sequence
CP100180	2.5971	25	88624	61.71	ACGT	Burkholderia glumae strain BGR86S plasmid p86s5p, complete sequence
CP018859	2.5777	26	213737	59.17	ACGT	Xanthomonas citri pv. citri strain LH201 plasmid pLH201.1, complete sequence
CP018851	2.5777	26	213743	59.17	ACGT	Xanthomonas citri pv. citri strain LJ207-7 plasmid pLJ207-7.1, complete sequence
AP019786	2.5693	29	70338	64.53	ACGT	Methylomagnum ishizawai RS11D-Pr plasmid pRS11DPr3 DNA, complete genome
LR890526	2.5447	23	114206	61.82	ACGT	Burkholderia cepacia isolate MINF_4A-sc-2280433 genome assembly, plasmid: 4
EU287476	2.5258	19	19091	60.09	ACGT	Proteus mirabilis plasmid R772 transposon Tn511, complete sequence
CP100188	2.522	27	189346	63.88	ACGT	Burkholderia glumae strain SL-947S plasmid p947s1p, complete sequence
CP100133	2.522	27	189346	63.88	ACGT	Burkholderia glumae strain BGR85S plasmid p85s1p, complete sequence
CP075326	2.5154	24	219560	59.34	ACGT	Xanthomonas citri pv. citri strain GD82 plasmid pGD82.1, complete sequence
CP062259	2.5154	24	219560	59.34	ACGT	Xanthomonas sp. WG16 plasmid pWG16.1, complete sequence
CP018729	2.5137	25	211336	59.13	ACGT	Xanthomonas hortorum pv. gardneri strain JS749-3 plasmid pJS749-3.1, complete sequence
CP023286	2.5137	25	249703	58.81	ACGT	Xanthomonas citri pv. citri strain 03-1638-1-1 plasmid pCuR, complete sequence
LR828254	2.5137	25	211306	59.13	ACGT	Xanthomonas gardneri strain CFBP 8129 genome assembly, plasmid: CFBP8129_p211
CP018855	2.5122	25	211337	59.13	ACGT	Xanthomonas citri pv. citri strain LH276 plasmid pLH276.1, complete sequence
CP052134	2.5121000000000002	28	281656	62.17	ACGT	Burkholderia glumae strain HN2 plasmid pbghn2, complete sequence
CP018472	2.5037	24	222061	59.49	ACGT	Xanthomonas perforans strain LH3 plasmid pLH3.1, complete sequence
CP100243	2.4885	21	84596	60.21	ACGT	Burkholderia glumae strain BGR22S plasmid p22s4p, complete sequence
CP035902	2.4821	24	214469	62.47	ACGT	Burkholderia glumae strain 257sh-1 plasmid plas1, complete sequence
CP021159	2.4805	24	193251	62.49	ACGT	Burkholderia glumae strain 411gr-6 plasmid unnamed1, complete sequence
CP018726	2.454	25	192558	59.14	ACGT	Xanthomonas vesicatoria ATCC 35937 strain LMG911 plasmid pLMG911.1, complete sequence
CP068051	2.4472	27	107512	64.24	ACGT	Burkholderia gladioli strain BBB-01 plasmid p3, complete sequence
CP027861	2.4341	26	149386	58.82	ACGT	Ahniella affigens strain D13 plasmid unnamed, complete sequence
CP100267	2.4227	22	80567	61.65	ACGT	Burkholderia glumae strain BGR79S plasmid p79s4p, complete sequence
CP099586	2.4039	25	121702	62.81	ACGT	Burkholderia glumae strain GR20004 plasmid unnamed3, complete sequence
CP100295	2.4024	25	141006	63.18	ACGT	Burkholderia glumae strain R2 plasmid pr23p, complete sequence
CP100143	2.3862	26	185317	64	ACGT	Burkholderia glumae strain BGR33S plasmid p33s2p, complete sequence
CP130149	2.3809	22	88744	62.19	ACGT	Burkholderia glumae strain BD_21g plasmid p3_21g, complete sequence
CP021077	2.3679	24	168969	63.87	ACGT	Burkholderia glumae strain 957856-41-c plasmid unnamed2, complete sequence
CP084634	2.3311	26	54136	56.71	ACGT	Caballeronia sp. TF1N1 plasmid p5, complete sequence
CP100284	2.3279	24	61432	62.21	ACGT	Burkholderia glumae strain YH8 plasmid pyh83p, complete sequence
MG869620	2.3257	26	82545	59.64	ACGT	Polaromonas sp. H6N plasmid pH6NP1, complete sequence
AP024564	2.324	27	175924	59.13	ACGT	Allochromatium tepidum NZ plasmid pAt1 DNA, complete genome
CP033659	2.3059	25	120855	62.45	ACGT	Burkholderia glumae strain BGR13S plasmid p3_BGR13S, complete sequence
CP083720	2.2916	25	107329	61.35	ACGT	Cupriavidus metallidurans strain ZM02 plasmid unnamed, complete sequence
CP090528	2.2916	25	106308	61.36	ACGT	Cupriavidus metallidurans strain ZM16 plasmid unnamed, complete sequence
CP100178	2.2877	21	92653	60.43	ACGT	Burkholderia glumae strain BGR86S plasmid p86s3p, complete sequence
CP100237	2.2628	22	100711	61.36	ACGT	Burkholderia glumae strain BGR19S plasmid p19s3p, complete sequence
CP048444	2.2481	21	161953	60.98	ACGT	Burkholderia multivorans strain P2Bm2011a plasmid unnamed, complete sequence
CP090512	2.2356	17	26361	49.41	ACGT	Xylella fastidiosa subsp. multiplex strain Oak 35874 plasmid pXF26-Oak35874, complete sequence
CP002166	2.2228	17	26180	49.34	ACGT	Xylella fastidiosa subsp. fastidiosa GB514 plasmid, complete sequence
LR828258	2.2168	25	224704	58.07	ACGT	Xanthomonas hortorum pv. vitians strain CFBP 498 genome assembly, plasmid: CFBP498_p224
OY775902	2.2048	19	452041	46.05	ACGT	MAG: Desulfogranum marinum isolate ff7896ef-bb7c-4932-a865-5a4cb9aaff42 genome assembly, chromosome: 3
CP021660	2.1836	18	148316	48.26	ACGT	Candidatus Fukatsuia symbiotica strain 5D plasmid p5D_Fsymbiotica-1, complete sequence
LR797466	2.1828	16	38263	41.18	ACGT	uncultured Caudovirales phage genome assembly
LR796365	2.1828	16	38263	41.18	ACGT	uncultured Caudovirales phage genome assembly
CP109889	2.162	17	28508	49.53	ACGT	Xylella fastidiosa subsp. fastidiosa strain CFBP8073 plasmid pXF-P2.CFBP8073
CP098499	2.1562	24	61503	61.7	ACGT	Burkholderia cenocepacia strain C6433 plasmid pBCC6433, complete sequence
CP059994	2.1562	20	312426	59.76	ACGT	Xanthomonas citri strain T4 plasmid pT4p2, complete sequence
CP001897	2.1494	24	102242	61.94	ACGT	Allochromatium vinosum DSM 180 plasmid pALVIN01, complete sequence
KF933436	2.1205	30	72493	57.62	ACGT	Magnetococcaceae bacterium IT-1 magnetosome island genomic sequence
CP018468	2.0886	21	201433	59.03	ACGT	Xanthomonas vesicatoria strain LM159 plasmid pLM159.1, complete sequence
CP084277	2.0856	19	131480	60.18	ACGT	Caballeronia grimmiae strain Lep1A1 plasmid p4, complete sequence
CP053303	2.0784	23	92661	62.76	ACGT	Burkholderia cenocepacia strain K56-2 plasmid pBCK56, complete sequence
AM747723	2.0784	23	92661	62.76	ACGT	Burkholderia cenocepacia J2315 pBCJ2315 plasmid, complete genome
CP054818	2.0784	23	92661	62.76	ACGT	Burkholderia cenocepacia strain FDAARGOS_734 plasmid unnamed1, complete sequence
CP090768	2.0772	22	156151	61.27	ACGT	Burkholderia multivorans strain 2008Ycf542 plasmid p1_2008Ycf542, complete sequence
CP090691	2.0772	22	156152	61.27	ACGT	Burkholderia multivorans strain 2017Y71087112III plasmid p1_2017Y71087112IIIx, complete sequence
CP090684	2.0772	22	156151	61.27	ACGT	Burkholderia multivorans strain 2019Y71417852IX plasmid p1_2019Y71417852IX, complete sequence
CP090720	2.0772	22	156152	61.27	ACGT	Burkholderia multivorans strain 2014Y70532416II plasmid p1_2014Y70532416II, complete sequence
CP102478	2.0592	22	94494	62.76	ACGT	Burkholderia cenocepacia strain NML110041 plasmid unnamed1, complete sequence
CP021662	2.0551	13	67447	45.15	ACGT	Candidatus Fukatsuia symbiotica strain 5D plasmid p5D_Fsymbiotica-3, complete sequence
FR989774	2.0385	25	146299	62.27	ACGNT	Burkholderia cenocepacia strain R-12632 genome assembly, plasmid: 4
FR989694	2.0385	25	146299	62.27	ACGNT	Burkholderia cenocepacia strain R-12632 genome assembly, plasmid: 4
FR989706	2.0385	25	144749	62.3	ACGNT	Burkholderia cenocepacia strain R-12632 genome assembly, plasmid: 4
FR989754	2.0385	25	146299	62.27	ACGNT	Burkholderia cenocepacia strain R-12632 genome assembly, plasmid: 4
FR989806	2.0385	25	140347	62.34	ACGNT	Burkholderia cenocepacia strain R-12632 genome assembly, plasmid: 4
FR989822	2.0385	25	144097	62.3	ACGNT	Burkholderia cenocepacia strain R-12632 genome assembly, plasmid: 4
FR989730	2.0385	25	139320	62.38	ACGNT	Burkholderia cenocepacia strain R-12632 genome assembly, plasmid: 4
FR989710	2.0385	25	140347	62.34	ACGNT	Burkholderia cenocepacia strain R-12632 genome assembly, plasmid: 4
FR989698	2.0385	25	146299	62.27	ACGNT	Burkholderia cenocepacia strain R-12632 genome assembly, plasmid: 4
FR989686	2.0385	25	141052	62.36	ACGNT	Burkholderia cenocepacia strain R-12632 genome assembly, plasmid: 4
FR989690	2.0385	25	140515	62.36	ACGNT	Burkholderia cenocepacia strain R-12632 genome assembly, plasmid: 4
FR989778	2.0385	25	144705	62.3	ACGNT	Burkholderia cenocepacia strain R-12632 genome assembly, plasmid: 4
FR989678	2.0385	25	140347	62.37	ACGT	Burkholderia cenocepacia strain R-12632 genome assembly, plasmid: 4
FR989734	2.0385	25	140515	62.36	ACGNT	Burkholderia cenocepacia strain R-12632 genome assembly, plasmid: 4
FR989674	2.0385	25	146299	62.27	ACGNT	Burkholderia cenocepacia strain R-12632 genome assembly, plasmid: 4
FR989762	2.0385	25	140515	62.36	ACGNT	Burkholderia cenocepacia strain R-12632 genome assembly, plasmid: 4
FR989758	2.0385	25	140515	62.36	ACGNT	Burkholderia cenocepacia strain R-12632 genome assembly, plasmid: 4
FR989714	2.0385	25	146299	62.27	ACGNT	Burkholderia cenocepacia strain R-12632 genome assembly, plasmid: 4
FR989746	2.0385	25	146299	62.27	ACGNT	Burkholderia cenocepacia strain R-12632 genome assembly, plasmid: 4
FR989782	2.0385	25	140178	61.9	ACGNT	Burkholderia cenocepacia strain R-12632 genome assembly, plasmid: 4
FR989738	2.037	25	140515	62.36	ACGNT	Burkholderia cenocepacia strain R-12632 genome assembly, plasmid: 4
CP096917	2.0077	17	20322	58.88	ACGT	Alcaligenes faecalis strain NY11312 plasmid pNY11312-NR, complete sequence
LC735979	1.9872	21	25677	59.13	ACGT	Aeromonas veronii bv. veronii 12BC2 plasmid p12BC2_GES-5 DNA, complete sequence
CP090509	1.9795	15	25105	49.03	ACGT	Xylella fastidiosa subsp. morus strain Riv11 plasmid pXF-Riv11, complete sequence
GU938458	1.9795	15	25105	49.03	ACGT	Xylella fastidiosa strain Riv16 plasmid pXF-RIV16, complete sequence
GU938457	1.9795	15	25105	49.03	ACGT	Xylella fastidiosa strain Riv11 plasmid pXF-RIV11, complete sequence
CP027479	1.9767	22	300131	54.17	ACGT	Pseudomonas koreensis strain P19E3 plasmid p2, complete sequence
CP090317	1.9656	15	25102	49.02	ACGT	Xylella fastidiosa subsp. morus strain Riv16 plasmid pXF-Riv16, complete sequence
CP003092	1.9655	22	115232	59.44	ACGT	Burkholderia sp. YI23 plasmid byi_3p, complete sequence
CP095771	1.9449	24	174560	59.13	ACGT	Pseudomonas aeruginosa strain 34Pae36 plasmid p34Pae36, complete sequence
CP111033	1.9441	24	177374	59.59	ACGT	Pseudomonas aeruginosa strain PALA54 plasmid pPALA54, complete sequence
CP111031	1.9441	24	177374	59.59	ACGT	Pseudomonas aeruginosa strain PALA38 plasmid pPALA38, complete sequence
CP000268	1.9421	20	257447	54.41	ACGT	Rhodoferax ferrireducens T118 strain DSM 15236 plasmid unnamed1, complete sequence
FR989818	1.933	24	138277	62.43	ACGNT	Burkholderia cenocepacia strain R-12632 genome assembly, plasmid: 4
FR989726	1.933	24	140567	58.88	ACGNT	Burkholderia cenocepacia strain R-12632 genome assembly, plasmid: 4
FR989798	1.933	24	138277	62.43	ACGNT	Burkholderia cenocepacia strain R-12632 genome assembly, plasmid: 4
FR989742	1.933	24	140347	60.58	ACGNT	Burkholderia cenocepacia strain R-12632 genome assembly, plasmid: 4
FR989790	1.933	24	140894	60.42	ACGNT	Burkholderia cenocepacia strain R-12632 genome assembly, plasmid: 4
FR989814	1.933	24	138108	62.41	ACGNT	Burkholderia cenocepacia strain R-12632 genome assembly, plasmid: 4
FR989770	1.933	24	138277	62.43	ACGNT	Burkholderia cenocepacia strain R-12632 genome assembly, plasmid: 4
FR989802	1.933	24	138277	62.43	ACGNT	Burkholderia cenocepacia strain R-12632 genome assembly, plasmid: 4
FR989810	1.933	24	140347	60.1	ACGNT	Burkholderia cenocepacia strain R-12632 genome assembly, plasmid: 4
FR989794	1.933	24	138277	62.43	ACGNT	Burkholderia cenocepacia strain R-12632 genome assembly, plasmid: 4
FR989718	1.933	24	140347	60.58	ACGNT	Burkholderia cenocepacia strain R-12632 genome assembly, plasmid: 4
FR989766	1.933	24	138277	62.43	ACGNT	Burkholderia cenocepacia strain R-12632 genome assembly, plasmid: 4
FR989722	1.933	24	140347	60.58	ACGNT	Burkholderia cenocepacia strain R-12632 genome assembly, plasmid: 4
FR989750	1.933	24	141571	59.79	ACGNT	Burkholderia cenocepacia strain R-12632 genome assembly, plasmid: 4
FR989682	1.933	24	140347	60.58	ACGNT	Burkholderia cenocepacia strain R-12632 genome assembly, plasmid: 4
FR989702	1.933	24	141400	59.65	ACGNT	Burkholderia cenocepacia strain R-12632 genome assembly, plasmid: 4
FR989786	1.933	24	138277	62.43	ACGNT	Burkholderia cenocepacia strain R-12632 genome assembly, plasmid: 4
MK569690	1.9299	22	199174	54.8	ACGT	Pseudomonas syringae pv. actinidiae strain 1215 plasmid pMG4_1215, complete sequence
CP090505	1.9287	14	24372	49.02	ACGT	Xylella fastidiosa subsp. morus strain Riv25 plasmid pXF-Riv25, complete sequence
GU938460	1.9287	14	24372	49.02	ACGT	Xylella fastidiosa strain Riv25 plasmid pXF-RIV25, complete sequence
CP090507	1.9287	14	24372	49.02	ACGT	Xylella fastidiosa subsp. morus strain Riv19 plasmid pXF-Riv19, complete sequence
GU938459	1.9287	14	24372	49.02	ACGT	Xylella fastidiosa strain Riv19 plasmid pXF-RIV19, complete sequence
CP006739	1.9277	14	24391	49	ACGT	Xylella fastidiosa MUL0034 plasmid unnamed2, complete sequence
CP123545	1.9199	14	222764	40.29	ACGT	Arsenophonus nasoniae strain aNv_CH plasmid paNv_CH1, complete sequence
CP123562	1.9195	14	220475	40.22	ACGT	Arsenophonus nasoniae strain aNv_UK plasmid paNv_UK1, complete sequence
CP038614	1.9195	14	222851	40.33	ACGT	Arsenophonus nasoniae strain FIN plasmid pArsFIN2, complete sequence
CP123524	1.917	14	226576	40.45	ACGT	Arsenophonus nasoniae strain aNv_CAN plasmid paNv_CAN1, complete sequence
CP100294	1.8955	24	152564	60.73	ACGT	Burkholderia glumae strain R2 plasmid pr22p, complete sequence
CP084254	1.8948	16	74900	57.7	ACGT	Caballeronia sp. Sq4a plasmid p2, complete sequence
OX638565	1.8889	24	178483	59.58	ACGT	Pseudomonas aeruginosa strain 3796A genome assembly, plasmid: p3796A
CP000531	1.8591	21	190172	58.01	ACGT	Polaromonas naphthalenivorans CJ2 plasmid pPNAP02, complete sequence
CP029555	1.8478	22	74363	63.46	ACGT	Chromobacterium phragmitis strain IIBBL 274-1 plasmid unnamed, complete sequence
OX458334	1.8456	22	25724	58.25	ACGT	Methylocaldum szegediense isolate Msz(Nor) genome assembly, plasmid: MSZNORminor
CP073707	1.8443	25	134199	62.63	ACGT	Burkholderia cenocepacia strain toggle3 plasmid unnamed3, complete sequence
MG869619	1.8325	19	29488	55.43	ACGT	Polaromonas sp. H1N plasmid pH1NP1, complete sequence
CP021657	1.798	20	51944	44.71	ACGT	Aeromonas salmonicida strain O23A plasmid pO23AP3, complete sequence
CP075756	1.7943	22	161091	59.63	ACGT	Pseudomonas aeruginosa strain PaLo553 plasmid pPALO553, complete sequence
CP002087	1.7813	19	39105	51.35	ACGT	Nitrosococcus watsonii C-113 plasmid pNWAT01, complete sequence
CP010312	1.762	18	242122	51.38	ACGT	Geoalkalibacter subterraneus strain Red1 plasmid pGSUB1, complete sequence
CP073671	1.7342	24	134189	62.63	ACGT	Burkholderia cenocepacia strain toggle2 plasmid unnamed1, complete sequence
CP026191	1.7316	22	12794	58.11	ACGT	Enterobacteriaceae bacterium ENNIH2 plasmid pENT-6b61, complete sequence
MG869625	1.7265	17	52468	58.56	ACGT	Polaromonas sp. W11N plasmid pW11NP2, complete sequence
CP100190	1.7244	22	104740	63.65	ACGT	Burkholderia glumae strain SL-947S plasmid p947s3p, complete sequence
CP100135	1.7207	22	104740	63.65	ACGT	Burkholderia glumae strain BGR85S plasmid p85s3p, complete sequence
MN657134	1.659	19	7799	64.19	ACGT	Janthinobacterium sp. strain ANT_J12B plasmid pA12BJ1, complete sequence
CP123535	1.6497	12	39762	37.11	ACGT	Arsenophonus nasoniae strain aNv_CAN plasmid paNv_CAN12, complete sequence
CP123492	1.6379	13	64846	42.32	ACGT	Arsenophonus nasoniae strain aIh plasmid paIh2, complete sequence
LN853047	1.5725	23	4751	68.66	ACGT	Uncultured prokaryote from Rat gut metagenome metamobilome, plasmid pRGRH0401
CP114116	1.5469	19	194126	54.28	ACGT	Pseudomonas sp. GXZC plasmid unnamed, complete sequence
CP103873	1.5468	18	89029	55.42	ACGT	Herbaspirillum huttiense strain ZXN111 plasmid unnamed, complete sequence
CP039236	1.4681	14	156158	38.81	ACGT	Piscirickettsia salmonis strain BI1 plasmid unnamed2, complete sequence
CP049323	1.468	14	24666	56.69	ACGT	Caballeronia sp. SBC2 plasmid pSBC2-7, complete sequence
CP072607	1.4652	19	45140	62.02	ACGT	Burkholderia latens strain AU2934 plasmid pAU2934, complete sequence
CP014312	1.4431	16	49551	56.08	ACGT	Burkholderia sp. PAMC 26561 plasmid unnamed5, complete sequence
OY787497	1.4319	17	32139	54.23	ACGT	MAG: Syntrophorhabdaceae bacterium isolate ea8a2486-d3ea-4471-b911-e61a867642bf genome assembly, chromosome: 1
CP039229	1.4228	14	167241	38.82	ACGT	Piscirickettsia salmonis strain SR1 plasmid unnamed2, complete sequence
CP039242	1.4195	14	158411	38.85	ACGT	Piscirickettsia salmonis strain MR5 plasmid unnamed2, complete sequence
CP123506	1.4084	11	104007	39.03	ACGT	Arsenophonus nasoniae strain aPv plasmid paPv2, complete sequence
CP123549	1.3629	11	63188	40.53	ACGT	Arsenophonus nasoniae strain aNv_CH plasmid paNv_CH5, complete sequence
CP038618	1.2804	11	61872	40.6	ACGT	Arsenophonus nasoniae strain FIN plasmid pArsFIN6, complete sequence
FN691998	1.278	14	22305	47.48	ACGT	Photorhabdus asymbiotica plasmid pPAA3 complete sequence, strain Kingscliff
AP021922	1.2668	18	11490	60.41	ACGT	Aeromonas sp. WP2-W18-CRE-05 plasmid pWP2-W18-CRE-05_5 DNA, complete genome, strain: WP2-W18-CRE-05
CP002088	1.2567	15	5611	53.72	ACGT	Nitrosococcus watsonii C-113 plasmid pNWAT02, complete sequence
CP100249	1.1979	15	16105	57.93	ACGT	Burkholderia glumae strain BGR28S plasmid p28s4p, complete sequence
CP123566	1.1975	11	62907	40.51	ACGT	Arsenophonus nasoniae strain aNv_UK plasmid paNv_UK5, complete sequence
CP030841	1.1762	12	62450	55.47	ACGT	Acidisarcina polymorpha strain SBC82 plasmid pACPOL1, complete sequence
HG803186	1.172	13	79258	46.39	ACGT	Vibrio vulnificus 48/10 plasmid p48/10 complete sequence
CP010416	1.15	15	10435	57.36	ACGT	Azotobacter chroococcum NCIMB 8003 plasmid pAcX50a, complete sequence
CP026318	1.1429	10	74233	44.71	ACGT	Vibrio campbellii strain BoB-90 plasmid unnamed 2, complete sequence
OK324135	1.1428	17	6543	63.5	ACGKMSTY	Delftia lacustris strain BR1 plasmid pBR1.1, complete sequence
CP123513	1.1423	12	34461	37.49	ACGT	Arsenophonus nasoniae strain aPv plasmid paPv9, complete sequence
CP000756	1.142	13	81413	49.19	ACGT	Vibrio sp. 0908 plasmid p0908, complete sequence
CP123529	1.0843	10	53252	40.5	ACGT	Arsenophonus nasoniae strain aNv_CAN plasmid paNv_CAN6, complete sequence
CP053824	1.0778	12	80726	46.35	ACGNT	Vibrio cholerae strain E7G plasmid pE7G, complete sequence
CP053819	1.0778	12	80721	46.35	ACGT	Vibrio cholerae strain SA7G plasmid pSA7G2, complete sequence
CP046830	1.0725	11	78934	48.56	ACGT	Vibrio parahaemolyticus strain 2012AW-0224 plasmid unnamed1, complete sequence
CP123556	1.0458	9	32523	36.62	ACGT	Arsenophonus nasoniae strain aNv_CH plasmid paNv_CH12, complete sequence
CP123573	1.0458	9	32543	36.62	ACGT	Arsenophonus nasoniae strain aNv_UK plasmid paNv_UK12, complete sequence
CP014511	1.0167	12	20973	56.44	ACGT	Burkholderia sp. PAMC 28687 plasmid 4, complete sequence
CP123493	0.9983	8	47157	38.52	ACGT	Arsenophonus nasoniae strain aIh plasmid paIh3, complete sequence
CP072795	0.9954	12	22458	51.66	ACGT	Thiothrix unzii strain A1 plasmid pTunz2, complete sequence
CP066314	0.9691	13	8012	59.45	ACGT	Azotobacter chroococcum strain HR1 plasmid unnamed4, complete sequence
CP123537	0.9369	11	35911	37.55	ACGT	Arsenophonus nasoniae strain aNv_CAN plasmid paNv_CAN14, complete sequence
CP123505	0.932	10	144708	40.91	ACGT	Arsenophonus nasoniae strain aPv plasmid paPv1, complete sequence
CP050473	0.7732	7	97344	47.5	ACGT	Vibrio campbellii strain LJC013 plasmid unnamed2, complete sequence
CP119193	0.712	7	77169	40.23	ACGT	Xenorhabdus sp. SF857 plasmid unnamed
AP024857	0.4725	7	67344	39.03	ACGT	Photobacterium toruni CECT 9189 plasmid pCECT9189-2 DNA, complete sequence
CP046223	0.4443	5	6337	20.06	ACGT	Enterobacteriaceae endosymbiont of Neohaemonia nigricornis isolate NnigSym plasmid unnamed, complete sequence
CP123532	0.3914	4	44231	41.72	ACGT	Arsenophonus nasoniae strain aNv_CAN plasmid paNv_CAN9, complete sequence
CP046233	0.37	5	5287	21.49	ACGT	Enterobacteriaceae endosymbiont of Plateumaris braccata isolate PbraSym plasmid unnamed, complete sequence
CP046199	0.363	4	6453	21.03	ACGT	Enterobacteriaceae endosymbiont of Donacia proxima isolate DproxSym plasmid unnamed, complete sequence
CP038156	0.3547	5	21722	41.13	ACGMT	Arsenophonus endosymbiont of Aphis craccivora isolate Ash plasmid unnamed1, complete sequence
CP046225	0.3448	4	5142	19.12	ACGT	Enterobacteriaceae endosymbiont of Plateumaris sericea isolate PserSym plasmid unnamed, complete sequence
CP046231	0.3359	5	5136	20.39	ACGT	Enterobacteriaceae endosymbiont of Plateumaris consimilis isolate PconSym plasmid unnamed, complete sequence
CP046195	0.3008	3	6683	20.98	ACGT	Enterobacteriaceae endosymbiont of Donacia cincticornis isolate DcincSym plasmid unnamed, complete sequence
CP046187	0.2895	3	5086	20.76	ACGT	Enterobacteriaceae endosymbiont of Donacia bicoloricornis isolate DbicSym plasmid unnamed, complete sequence
CP046207	0.2864	3	6377	21.72	ACGT	Enterobacteriaceae endosymbiont of Donacia provostii isolate DprovSym plasmid unnamed, complete sequence
CP121122	0.2857	3	16016	47.94	ACGT	Thiomicrospira sp. R3 plasmid unnamed
CP046227	0.2776	3	5276	20.51	ACGT	Enterobacteriaceae endosymbiont of Plateumaris pusilla isolate PpusSym plasmid unnamed, complete sequence
CP046203	0.2747	3	6529	20.69	ACGT	Enterobacteriaceae endosymbiont of Donacia crassipes isolate DcraSym plasmid unnamed, complete sequence
CP046201	0.2537	3	6615	21.13	ACGT	Enterobacteriaceae endosymbiont of Donacia piscatrix isolate DpisSym plasmid unnamed, complete sequence
CP046229	0.2201	2	5108	20.48	ACGT	Enterobacteriaceae endosymbiont of Plateumaris rustica isolate PrusSym plasmid unnamed, complete sequence
CP046217	0.2118	2	6762	23.37	ACGT	Enterobacteriaceae endosymbiont of Donacia tomentosa isolate DtomSym plasmid unnamed, complete sequence
CP046213	0.2062	2	6647	19.15	ACGT	Enterobacteriaceae endosymbiont of Donacia dentata isolate DdentSym plasmid unnamed, complete sequence
CP046219	0.2001	2	6327	22.73	ACGMTY	Enterobacteriaceae endosymbiont of Macroplea mutica isolate MmutSym plasmid unnamed, complete sequence
CP046211	0.1956	2	5734	17.3	ACGT	Enterobacteriaceae endosymbiont of Donacia semicuprea isolate DsemSym plasmid unnamed, complete sequence
CP046209	0.1944	2	5754	18.02	ACGT	Enterobacteriaceae endosymbiont of Donacia clavipes isolate DclaSym plasmid unnamed, complete sequence
CP046193	0.1919	2	5216	19.11	ACGT	Enterobacteriaceae endosymbiont of Donacia simplex isolate DsimSym plasmid unnamed, complete sequence
CP046221	0.1919	2	6432	22.47	ACGT	Enterobacteriaceae endosymbiont of Macroplea appendiculata isolate MappSym plasmid unnamed, complete sequence
CP046191	0.1886	2	5262	20.66	ACGT	Enterobacteriaceae endosymbiont of Donacia vulgaris isolate DvulSym plasmid unnamed, complete sequence
CP046215	0.1886	2	6568	19.66	ACGT	Enterobacteriaceae endosymbiont of Donacia versicolorea isolate DversSym plasmid unnamed, complete sequence
CP046189	0.1838	2	5482	20.03	ACGT	Enterobacteriaceae endosymbiont of Donacia thalassina isolate DthaSym plasmid unnamed, complete sequence
CP046205	0.1838	2	5119	19.77	ACGT	Enterobacteriaceae endosymbiont of Donacia cinerea isolate DcinSym plasmid unnamed, complete sequence
CP046197	0.1817	2	5238	19.51	ACGT	Enterobacteriaceae endosymbiont of Donacia sparganii isolate DsparSym plasmid unnamed, complete sequence
CP046185	0.1804	2	5198	18.89	ACGT	Enterobacteriaceae endosymbiont of Donacia marginata isolate DmarSym plasmid unnamed, complete sequence
CP046183	0.1804	2	4977	18.51	ACGT	Enterobacteriaceae endosymbiont of Donacia fulgens isolate DfulgSym plasmid unnamed, complete sequence
