Hydrophobicity	Length	Accession	ProteinName	OrganismName	Annotation
-0.5757692307692308	260	EEU3264372	replication initiation protein RepE	Escherichia coli	EEU3264372.1 replication initiation protein RepE [Escherichia coli]
-0.31538461538461565	286	WP_150332714	replication protein RepA	Escherichia coli	WP_150332714.1 replication protein RepA [Escherichia coli]
-0.4875409836065575	305	EON21866	putative plasmid-related transcriptional repressor protein	Cupriavidus sp. GA3-3	EON21866.1 putative plasmid-related transcriptional repressor protein [Cupriavidus sp. GA3-3]
-0.46813559322033954	295	CAL11275	putative plasmid-related transcriptional repressor protein	Yersinia enterocolitica subsp. enterocolitica 8081	CAL11275.1 putative plasmid-related transcriptional repressor protein [Yersinia enterocolitica subsp. enterocolitica 8081]
-0.388737201365188	293	ABM37803	conserved hypothetical protein	Polaromonas naphthalenivorans CJ2	ABM37803.1 conserved hypothetical protein [Polaromonas naphthalenivorans CJ2]
-0.43842794759825243	687	AEC19138	transposase	Pusillimonas sp. T7-7	AEC19138.1 transposase [Pusillimonas sp. T7-7]
-0.47385620915032645	612	PXX58928	TrfA protein	Pseudomonas sp. LAMO17WK12:I9	PXX58928.1 TrfA protein [Pseudomonas sp. LAMO17WK12:I9]
-0.3649230769230776	325	AAZ96883	hypothetical protein Tbd_0930	Thiobacillus denitrificans ATCC 25259	AAZ96883.1 hypothetical protein Tbd_0930 [Thiobacillus denitrificans ATCC 25259]
-0.7940983606557375	305	QEU27263	hypothetical protein FOB45_05610	Pseudomonas luteola	QEU27263.1 hypothetical protein FOB45_05610 [Pseudomonas luteola]
-0.36428571428571477	280	QEU26305	TrfA family protein (plasmid)	Pseudomonas luteola	QEU26305.1 TrfA family protein (plasmid) [Pseudomonas luteola]
-0.3959854014598547	274	CAB4139713	Plasmid replication initiator protein TrfA	uncultured Caudovirales phage	CAB4139713.1 Plasmid replication initiator protein TrfA [uncultured Caudovirales phage]
-0.3687050359712237	278	ABA56608	TrfA-related protein	Nitrosococcus oceani ATCC 19707	ABA56608.1 TrfA-related protein [Nitrosococcus oceani ATCC 19707]
-0.45689655172413834	290	QED93016	TrfA family protein (plasmid)	Eikenella exigua	QED93016.1 TrfA family protein (plasmid) [Eikenella exigua]
-0.39897260273972635	292	ADF36658	TrfA (plasmid)	Neisseria gonorrhoeae	ADF36658.1 TrfA (plasmid) [Neisseria gonorrhoeae]
-0.47692307692307745	286	EUJ10569	TrfA protein	Methylophilaceae bacterium 11	EUJ10569.1 TrfA protein [Methylophilaceae bacterium 11]
-0.602990033222591	301	CAZ90403	putative TrfA protein (plasmid)	Thiomonas arsenitoxydans	CAZ90403.1 putative TrfA protein (plasmid) [Thiomonas arsenitoxydans]
-0.4401337792642143	299	ABR82435	TrfA family protein	Pseudomonas paraeruginosa PA7	ABR82435.1 TrfA family protein [Pseudomonas paraeruginosa PA7]
-0.6718498659517426	373	CAJ43307	trans-acting replication factor A (plasmid)	uncultured bacterium	CAJ43307.1 trans-acting replication factor A (plasmid) [uncultured bacterium]
-0.4948096885813153	289	ADD63272	TrfA2 replication initiation protein (plasmid)	uncultured bacterium pAKD4	ADD63272.1 TrfA2 replication initiation protein (plasmid) [uncultured bacterium pAKD4]
-0.6521920668058445	479	AAY97979	replication initiation protein (plasmid)	Plasmid pMCBF1	AAY97979.1 replication initiation protein (plasmid) [Plasmid pMCBF1]
-0.5435087719298248	285	AAC64440	S-TrfA (plasmid)	Klebsiella aerogenes	AAC64440.1 S-TrfA (plasmid) [Klebsiella aerogenes]
-0.5677192982456146	285	CAJ85685	TPA: TrfA replication protein (plasmid)	Birmingham IncP-alpha plasmid	CAJ85685.1 TPA: TrfA replication protein (plasmid) [Birmingham IncP-alpha plasmid]
-0.6248157248157249	407	CAK02642	replication initiation protein (plasmid)	uncultured bacterium	CAK02642.1 replication initiation protein (plasmid) [uncultured bacterium]
