Hydrophobicity	Length	Accession	ProteinName	OrganismName	Annotation
-0.41368209255533206	497	WP_309917052	plasmid replication initiator TrfA	Caballeronia sp. LZ033	WP_309917052.1 plasmid replication initiator TrfA [Caballeronia sp. LZ033]
-0.48109452736318375	603	WP_239990634	plasmid replication initiator TrfA	Pseudomonas sp. LAMO17WK12:I9	WP_239990634.1 plasmid replication initiator TrfA [Pseudomonas sp. LAMO17WK12:I9]
-0.46765578635014904	337	KAF0750528	Uncharacterized protein FWK35_00012098	Aphis craccivora	KAF0750528.1 Uncharacterized protein FWK35_00012098 [Aphis craccivora]
-0.43842794759825243	687	AEC19138	transposase	Pusillimonas sp. T7-7	AEC19138.1 transposase [Pusillimonas sp. T7-7]
-0.7940983606557375	305	QEU27263	hypothetical protein FOB45_05610	Pseudomonas luteola	QEU27263.1 hypothetical protein FOB45_05610 [Pseudomonas luteola]
-0.36428571428571477	280	QEU26305	TrfA family protein (plasmid)	Pseudomonas luteola	QEU26305.1 TrfA family protein (plasmid) [Pseudomonas luteola]
-0.43977591036414587	357	CAG37865	related to transcriptional repressor protein TrfA	Desulfotalea psychrophila LSv54	CAG37865.1 related to transcriptional repressor protein TrfA [Desulfotalea psychrophila LSv54]
-0.4659498207885311	279	ACD94061	TrfA family protein	Trichlorobacter lovleyi SZ	ACD94061.1 TrfA family protein [Trichlorobacter lovleyi SZ]
-0.37132616487455256	279	AAR35551	TrfA family protein	Geobacter sulfurreducens PCA	AAR35551.1 TrfA family protein [Geobacter sulfurreducens PCA]
-0.4575250836120405	299	EEF25340	TrfA transcriptional repressor protein, putative	Ricinus communis	EEF25340.1 TrfA transcriptional repressor protein, putative [Ricinus communis]
-0.3959854014598547	274	CAB4139713	Plasmid replication initiator protein TrfA	uncultured Caudovirales phage	CAB4139713.1 Plasmid replication initiator protein TrfA [uncultured Caudovirales phage]
-0.602990033222591	301	CAZ90403	putative TrfA protein (plasmid)	Thiomonas arsenitoxydans	CAZ90403.1 putative TrfA protein (plasmid) [Thiomonas arsenitoxydans]
-0.5922360248447206	322	ABI60760	TrfA family protein (plasmid)	Nitrosomonas eutropha C91	ABI60760.1 TrfA family protein (plasmid) [Nitrosomonas eutropha C91]
-0.45689655172413834	290	QED93016	TrfA family protein (plasmid)	Eikenella exigua	QED93016.1 TrfA family protein (plasmid) [Eikenella exigua]
-0.3447098976109219	293	DAW83606	MAG TPA: TrfA protein	Inoviridae sp.	DAW83606.1 MAG TPA: TrfA protein [Inoviridae sp.]
-0.39897260273972635	292	ADF36658	TrfA (plasmid)	Neisseria gonorrhoeae	ADF36658.1 TrfA (plasmid) [Neisseria gonorrhoeae]
-0.5324099722991689	361	AJE23484	TrfA replication initiation protein (plasmid)	Azotobacter chroococcum NCIMB 8003	AJE23484.1 TrfA replication initiation protein (plasmid) [Azotobacter chroococcum NCIMB 8003]
-0.6718498659517426	373	CAJ43307	trans-acting replication factor A (plasmid)	uncultured bacterium	CAJ43307.1 trans-acting replication factor A (plasmid) [uncultured bacterium]
-0.7469178082191787	292	APB02231	Plasmid replication initiator protein TrfA (plasmid)	Klebsiella pneumoniae	APB02231.1 Plasmid replication initiator protein TrfA (plasmid) [Klebsiella pneumoniae]
-0.6948553054662383	311	AGH89267	TrfA replication initiation protein (plasmid)	uncultured bacterium	AGH89267.1 TrfA replication initiation protein (plasmid) [uncultured bacterium]
-0.4948096885813153	289	ADD63272	TrfA2 replication initiation protein (plasmid)	uncultured bacterium pAKD4	ADD63272.1 TrfA2 replication initiation protein (plasmid) [uncultured bacterium pAKD4]
-0.5677192982456146	285	CAJ85685	TPA: TrfA replication protein (plasmid)	Birmingham IncP-alpha plasmid	CAJ85685.1 TPA: TrfA replication protein (plasmid) [Birmingham IncP-alpha plasmid]
