accession	BN000925|complement(17379..17669)	U67194|complement(16084..16449)	length	GC	alphabet	sequence_title
AM261760.1	1	0.253	89147	59.01	ACGT	IncP-1alpha plasmid pBS228, complete sequence
AY820185.1	1	0.253	10790	56.22	ACGT	Broad-host-range Red recombinase expression plasmid pRKcIRed, complete sequence
AB526840.1	1	0.253	42906	61.03	ACGT	Helper plasmid pRH220 DNA, complete sequence
AJ744860.1	1	0.253	68869	62.34	ACGT	uncultured bacterium pTB11 plasmid complete genome
CP002151.1	1	0.253	64696	62.4	ACGT	Uncultured bacterium plasmid PB5, complete sequence
BN000925.1	1	0.253	60096	61.78	ACGT	TPA_exp: Birmingham IncP-alpha plasmid, complete sequence, isolate RK2
CP002152.1	1	0.253	66911	62.94	ACGT	Uncultured bacterium plasmid PB11, complete sequence
AB526839.1	1	0.253	42100	61.88	ACGT	Helper plasmid pRH210 DNA, complete sequence
CP002153.1	1	0.253	72683	62.24	ACGT	Uncultured bacterium plasmid PSP21, complete sequence
KF871320.1	1	0.253	17041	53.52	ACGT	Ti plasmid binary vector pGZ12.0501, complete sequence
JN029690.1	1	0.253	4623	51.89	ACGT	Plant transformation vector pCB301 plasmid pXT1, complete sequence
KT950740.1	1	0.253	16230	58.74	ACGT	Escherichia coli strain 10-Beta plasmid pJM50, complete sequence
KY913902.1	1	0.253	18323	52.59	ACGT	Ti plasmid binary vector pGZ13.0313, complete sequence
MN856144.1	1	0.253	16702	53.75	ACGT	Ti plasmid binary vector pGSp18.0102, complete sequence
LC623900.1	1	0.253	64346	62.83	ACGT	Uncultured bacterium plasmid pMNCN061 DNA, complete sequence
MF281675.1	1	0.253	6594	51.71	ACGT	Synthetic construct plasmid pJB861-V1, complete sequence
MG692720.1	1	0.253	1272	60.93	ACGT	Escherichia coli TCJ482-1 plasmid p482-1 contig COV43U1_c17 genomic sequence
KP844565.1	1	0.253	17952	53	ACGT	Ti Plasmid Binary Vector pGZ12.0224, complete sequence
MT868884.1	1	0.253	60095	61.78	ACGT	Escherichia coli strain EC 2660 plasmid pME8, partial sequence
OQ683451.1	1	0.253	76587	61.19	ACGT	Escherichia coli str. K-12 substr. MG1655 plasmid R702, complete sequence
L27758.1	1	0.253	60099	61.78	ACGT	Pseudomonas aeruginosa plasmid Birmingham IncP-alpha, complete sequence
KT950741.1	1	0.253	16863	56.83	ACGT	Escherichia coli strain 10-Beta plasmid pJM105, complete sequence
JX469833.1	1	0.253	74056	61.24	ACGT	Uncultured bacterium plasmid pWEC911, complete sequence
LC623901.1	1	0.253	68925	62.93	ACGT	Uncultured bacterium plasmid pMNCN064 DNA, complete sequence
KP844566.1	1	0.253	17385	53.37	ACGT	Ti Plasmid Binary Vector pGZ12.0106, complete sequence
JX469830.1	1	0.253	80762	58.6	ACGT	Uncultured bacterium plasmid pG527, complete sequence
KF018690.1	1	0.253	15608	54.45	ACGT	Ti plasmid binary vector pGH00.0126, complete sequence
MF281676.1	1	0.253	8119	52.77	ACGT	Synthetic construct plasmid pJB861-V2, complete sequence
MG692708.1	1	0.253	16837	62.11	ACGT	Escherichia coli TCJ492-9 plasmid p492-9 contig COV44U1_c9 genomic sequence
JX524202.1	1	0.253	7277	54.36	ACGT	Plasmid vector pARAtrfA, complete sequence
MN856143.1	1	0.253	16705	53.64	ACGT	Ti plasmid binary vector pGSp18.0129, complete sequence
OQ536579.1	1	0.253	51330	59.92	ACGT	Escherichia coli strain sJMP4003 plasmid pRK2013, complete sequence
MN602278.1	1	0.253	55695	63.44	ACGT	Escherichia coli plasmid pUZ8002, complete sequence
MN856142.1	1	0.253	16189	53.89	ACGT	Ti plasmid binary vector pGSh17.0404, complete sequence
LT717086.1	1	0.253	8046	53.75	ACGT	Trichophyton benhamiae plasmid pNDC10_G418
KF148031.1	1	0.253	18018	50.9	ACGT	Ti binary plasmid pGH00.0131, complete sequence
CP115664.1	0.9892	0.253	8219	53.47	ACGT	Pseudomonas putida strain PD584_L3 plasmid pPD584_L3, complete sequence
CP115666.1	0.9892	0.253	8187	53.52	ACGT	Pseudomonas putida strain PD584 plasmid pPD584, complete sequence
CP115662.1	0.9892	0.253	8187	53.52	ACGT	Pseudomonas putida strain PD689_delTT1 plasmid pPD689_tt_L1, complete sequence
MN450174.1	0.9892	0.253	7918	52.31	ACGT	Expression vector pSEVA221rAPOBEC1-T7RNAP plasmid pSEVA221rAPOBEC1-T7RNAP, complete sequence
MN450173.1	0.9892	0.253	7855	52.06	ACGT	Expression vector pSEVA221pmCDA1-T7RNAP plasmid pSEVA221pmCDA1-T7RNAP, complete sequence
MN450171.1	0.9892	0.253	7123	52.66	ACGT	Expression vector pSEVA221T7RNAP plasmid pSEVA221T7RNAP, complete sequence
MN450172.1	0.9892	0.253	7825	52.31	ACGT	Expression vector pSEVA221AID-T7RNAP plasmid pSEVA221AID-T7RNAP, complete sequence
MN450175.1	0.9892	0.253	7729	52.39	ACGT	Expression vector pSEVA221TadA*-T7RNAP plasmid pSEVA221TadA*-T7RNAP, complete sequence
LR990743.1	0.4699	0.2725	46176	60.77	ACGT	Xanthomonas sp. LMG 31885 genome assembly, plasmid: LMG31885_p46
LR990733.1	0.4699	0.2725	46175	60.76	ACGT	Xanthomonas sp. LMG 31884 genome assembly, plasmid: LMG31884_p46
LR990738.1	0.4699	0.2725	46178	60.77	ACGT	Xanthomonas sp. LMG 31887 strain GBBC 2202 genome assembly, plasmid: LMG31887_p46
LR990740.1	0.4699	0.2725	46179	60.77	ACGT	Xanthomonas sp. LMG 31886 strain GBBC 2199 genome assembly, plasmid: LMG31886_p46
CP003376.1	0.3145	1	56267	64.27	ACGT	Mycobacterium abscessus subsp. bolletii INCQS 00594 plasmid pMAB01, complete sequence
CP002451.1	0.3145	1	78982	64.43	ACGT	Alicycliphilus denitrificans BC plasmid pALIDE02, complete sequence
AP024949.1	0.3145	1	66313	63.4	ACGT	Aeromonas caviae KAM345 plasmid pKAM345_1 DNA, complete sequence
CP017455.1	0.3145	1	43580	65.76	ACGT	Dickeya solani strain PPO 9019 plasmid unnamed, complete sequence
CP021650.1	0.3145	1	79174	65.78	ACGT	Acidovorax sp. T1 plasmid p2-T1, complete sequence
AP024942.1	0.3145	1	65156	63.93	ACGT	Aeromonas caviae KAM339 plasmid pKAM339_2 DNA, complete sequence
CP009797.1	0.3145	1	43581	65.76	ACGT	Burkholderia ambifaria AMMD plasmid pBII_1, complete sequence
CP038640.1	0.3145	1	89459	64.51	ACGT	Cupriavidus oxalaticus strain X32 plasmid unnamed5, complete sequence
AM048832.1	0.3145	1	54344	64.75	ACGT	Uncultured bacterium mercury resistance plasmid pTP6
AB852526.1	0.3145	1	59534	64.5	ACGT	Paracidovorax avenae plasmid pAAA83 DNA, complete sequence, strain: 83
AP023399.1	0.3145	1	134822	59.69	ACGT	Aeromonas hydrophila KAM330 plasmid pKAM330_1 DNA, complete sequence
CP003505.2	0.3145	1	56265	64.27	ACGT	Mycobacterium abscessus subsp. bolletii F1725 plasmid BRA100, complete sequence
CP000443.1	0.3145	1	43581	65.76	ACGT	Burkholderia ambifaria AMMD plasmid unnamed1, complete sequence
AY365053.1	0.3145	1	87688	64.66	ACGT	Ralstonia eutropha JMP134 plasmid pJP4, complete sequence
CP019238.1	0.3145	1	71276	64.44	ACGT	Rhodoferax sp. DCY110 plasmid unnamed2 sequence
CP015373.1	0.3145	1	85291	63.25	ACGT	Pandoraea pnomenusa strain MCB032 plasmid unnamed 2, complete sequence
AB063332.1	0.3145	1	67066	63.68	ACGT	Delftia acidovorans plasmid pUO1 DNA, complete sequence
AJ564903.1	0.3145	1	64508	64.17	ACGT	Uncultured bacterium IncP-1beta multiresistance plasmid pB10
AJ863570.1	0.3145	1	57198	64.62	ACGT	Uncultured bacterium IncP-1beta multiresistance plasmid pB8
AP023401.1	0.3145	1	61502	64.33	ACGT	Aeromonas hydrophila KAM330 plasmid pKAM330_3 DNA, complete sequence
CP083711.1	0.3145	1	70058	60.7	ACGT	Enterobacter cloacae complex sp. ECL352 plasmid pIMP4-ECL352, complete sequence
CP076065.1	0.3145	1	47316	61.95	ACGT	Vibrio splendidus strain ME9-GFP plasmid unnamed, complete sequence
CP066039.1	0.3145	1	38605	65.71	ACGT	Burkholderia ambifaria strain FDAARGOS_1027 plasmid unnamed
CP067036.1	0.3145	1	55971	63.7	ACGT	Agrobacterium fabrum strain EHA105 plasmid pPH1JI, complete sequence
CP062120.1	0.3145	1	197271	62.76	ACGT	Aminobacter sp. SR38 plasmid pSR8
CP065408.1	0.3145	1	77623	66.88	ACGT	Diaphorobacter sp. JS3051 plasmid pDCB2, complete sequence
CP072561.1	0.3145	1	75715	64.38	ACGT	Pseudomonas sp. BYT-1 plasmid pBYT1-2, complete sequence
CP062123.1	0.3145	1	62583	64.69	ACGT	Pseudomonas sp. ADPe plasmid pADPe, complete sequence
CP067062.1	0.3145	1	36708	63.65	ACGT	Klebsiella pneumoniae strain ZJ27003 plasmid p27003_KPC, complete sequence
CP084278.1	0.3145	1	65095	66.22	ACGT	Caballeronia grimmiae strain Lep1A1 plasmid p5, complete sequence
CP097492.1	0.3145	1	56145	64.77	ACGT	Pseudomonas sp. BYT-5 plasmid pBYT5-3, complete sequence
CP098487.1	0.3145	1	49381	65.13	ACGT	Enterobacter hormaechei subsp. hormaechei strain ECC33 plasmid pECC33-49, complete sequence
JN106165.1	0.3145	1	48624	65.89	ACGT	Uncultured bacterium plasmid pAKD14, complete sequence
JN106172.1	0.3145	1	55020	65.34	ACGT	Uncultured bacterium plasmid pAKD29, complete sequence
CP120952.1	0.3145	1	49756	65.58	ACGT	Burkholderia contaminans strain 5080 plasmid pBCO-3, complete sequence
JN106174.1	0.3145	1	57974	65.1	ACGT	Uncultured bacterium plasmid pAKD33, complete sequence
JN106168.1	0.3145	1	51755	65.5	ACGT	Uncultured bacterium plasmid pAKD17, complete sequence
KC771559.1	0.3145	1	119225	63.57	ACGT	Comamonas sp. 7D-2 plasmid pBHB, complete sequence
JX469834.1	0.3145	1	40806	65.75	ACGT	Uncultured bacterium plasmid pDS3, complete sequence
JX469831.1	0.3145	1	54342	65	ACGT	Uncultured bacterium plasmid pKSP212, complete sequence
JQ436721.1	0.3145	1	65269	66.23	ACGT	Variovorax sp. DB1 plasmid pDB1, complete sequence
JF274989.1	0.3145	1	84204	64.79	ACGT	Comamonas testosteroni plasmid pI2, complete sequence
JN106166.1	0.3145	1	66550	65.08	ACGT	Uncultured bacterium plasmid pAKD15, complete sequence
CP119975.1	0.3145	1	96511	62.68	ACGT	Agrobacterium leguminum strain AT13 plasmid p3, complete sequence
JN106169.1	0.3145	1	67298	64.75	ACGT	Uncultured bacterium plasmid pAKD18, complete sequence
CP120957.1	0.3145	1	51319	64.71	ACGT	Delftia tsuruhatensis strain Ery-6A plasmid unnamed1
KC170279.1	0.3145	1	53313	64.26	ACGT	Uncultured bacterium plasmid pMBUI8, complete sequence
JN648090.1	0.3145	1	61669	63.99	ACGT	Delftia sp. KV29 plasmid pKV29, complete sequence
JN106173.1	0.3145	1	54140	65.33	ACGT	Uncultured bacterium plasmid pAKD31, complete sequence
MH053445.1	0.3145	1	50914	64.08	ACGT	Pseudomonas aeruginosa strain PA1280 plasmid pICP-4GES, complete sequence
LC623884.1	0.3145	1	64795	62.57	ACGT	Uncultured bacterium plasmid pMH0621-02Tc DNA, complete sequence
LC623896.1	0.3145	1	56363	63.84	ACGT	Uncultured bacterium plasmid pMNCI060 DNA, complete sequence
KF743818.1	0.3145	1	58270	64.21	ACGT	Bordetella bronchiseptica plasmid R906, complete sequence
MH392242.1	0.3145	1	53011	65.3	ACGT	Sym plasmid plasmid pTT11, complete sequence
MH392245.1	0.3145	1	43580	65.76	ACGT	Sym plasmid plasmid pTT5, complete sequence
MH392235.1	0.3145	1	53599	65.31	ACGT	Sym plasmid plasmid pTL21, complete sequence
MH392243.1	0.3145	1	83086	62.26	ACGT	Sym plasmid plasmid pTT25, complete sequence
LC623913.1	0.3145	1	58771	64.38	ACGT	Uncultured bacterium plasmid pYKAZ004 DNA, complete sequence
MH392241.1	0.3145	1	107234	61.72	ACGT	Sym plasmid plasmid pTL9, complete sequence
MH392232.1	0.3145	1	73798	61.94	ACGT	Sym plasmid plasmid pBB55, complete sequence
MH392236.1	0.3145	1	102276	63.47	ACGT	Sym plasmid plasmid pTL25, complete sequence
KU356988.1	0.3145	1	57450	64.63	ACGT	Variovorax paradoxus plasmid pHB44, complete sequence
MW150990.1	0.3145	1	53129	65.08	ACGT	Morganella morganii strain nx_m63 plasmid pNXM63-IMP, complete sequence
LC623898.1	0.3145	1	52178	64.48	ACGT	Uncultured bacterium plasmid pMNCI063 DNA, complete sequence
MW300275.1	0.3145	1	61183	63.59	ACGT	Pseudomonas aeruginosa strain C6 plasmid pP6VIM-11, complete sequence
LC623931.1	0.3145	1	57620	65.17	ACGT	Uncultured bacterium plasmid pYKCT011-1 DNA, complete sequence
MG879028.1	0.3145	1	73230	62.31	ACGT	Uncultured bacterium plasmid pEG1-1, complete sequence
OQ821186.1	0.3145	1	68404	64.1	ACGT	Citrobacter freundii strain 31A19CPO009 plasmid p31A19009_B_KPC_KPC, complete sequence
U67194.4	0.3145	1	53423	64.12	ACGT	Enterobacter aerogenes plasmid R751, complete sequence
MW300276.1	0.3145	1	44597	63.93	ACGT	Pseudomonas aeruginosa strain Ota2 plasmid pPOta2VIM-11, complete sequence
MH392239.1	0.3145	1	53601	65.31	ACGT	Sym plasmid plasmid pTL52, complete sequence
OQ821187.1	0.3145	1	71058	63.51	ACGT	Citrobacter freundii strain 31A20CPO001 plasmid p31A20001_F_KPC_KPC, complete sequence
KF743817.1	0.3145	1	61514	64.08	ACGT	Proteus mirabilis plasmid R772, complete sequence
LC623914.1	0.3145	1	60124	63.8	ACGT	Uncultured bacterium plasmid pYKBF005 DNA, complete sequence
KU238092.1	0.3145	1	61503	64.09	ACGT	Uncultured bacterium plasmid pDTC28, complete sequence
MH392233.1	0.3145	1	76102	65.57	ACGT	Sym plasmid plasmid pTK9, complete sequence
LC623927.1	0.3145	1	53186	65.27	ACGT	Uncultured bacterium plasmid pYKBU009 DNA, complete sequence
MN366359.1	0.3145	1	59592	63.83	ACGT	Bacterium voucher WWTP_Biosolids plasmid pALTS31, complete sequence
MH392234.1	0.3145	1	59989	64.72	ACGT	Sym plasmid plasmid pTL16, complete sequence
LC623897.1	0.3145	1	38628	65.51	ACGT	Uncultured bacterium plasmid pMNCI062 DNA, complete sequence
MH392244.1	0.3145	1	43582	65.76	ACGT	Sym plasmid plasmid pTT47, complete sequence
KJ588780.1	0.3145	1	49804	65.07	ACGT	Achromobacter xylosoxidans strain A22732 plasmid pA22732-IMP, complete sequence
CP119681.1	0.3	0.9915	52007	64.91	ACGT	Enterobacter hormaechei strain 334D3 plasmid p334D3, complete sequence
JN106164.1	0.3	0.9915	58246	64.65	ACGT	Uncultured bacterium plasmid pAKD1, complete sequence
AP018709.1	0.2962	0.9746	50476	65.47	ACGT	Uncultured bacterium plasmid pSN1104-59 DNA, complete sequence
AJ639924.1	0.2962	0.9746	56167	63.8	ACGT	Uncultured bacterium plasmid pB3 complete genome
HG326189.2	0.2962	0.9746	47337	65.2	ACGT	Yersinia pestis 16/95 plasmid pIP1203, complete sequence
JX486125.1	0.2962	0.9746	61919	64	ACGT	Uncultured bacterium plasmid pRWC72a, complete sequence
MN366358.1	0.2962	0.9746	54399	62.93	ACGT	Bacterium voucher WWTP_Biosolids plasmid pALTS29, complete sequence
LC623903.1	0.2962	0.9746	51612	65.61	ACGT	Uncultured bacterium plasmid pSM0227-07 DNA, complete sequence
MN386974.1	0.2962	0.9322	50465	65.3	ACGT	Pseudomonas aeruginosa strain 1943 plasmid pPaeBURNS1, complete sequence
MH392237.1	0.2962	0.9322	72288	64.68	ACGT	Sym plasmid plasmid pTL43, complete sequence
AB237782.1	0.2941	0.9322	41268	65.07	ACGT	Bordetella pertussis plasmid pBP136 DNA, complete sequence
OR146256.1	0.2941	0.9322	42389	64.49	ACGT	Bordetella pertussis plasmid pBP136Km, complete sequence
AJ431260.1	0.2774	0.5932	79370	62.76	ACGT	Uncultured bacterium plasmid pB4 complete genome
AP025731.1	0.2774	0.5932	30838	64.99	ACGT	Sphaerotilus sp. FB-5 plasmid pFB-5 DNA, complete sequence
CP028967.1	0.2774	0.5932	40559	64.45	ACGT	Aminobacter sp. MSH1 plasmid pBAM1, complete sequence
CP014846.1	0.2774	0.5932	60711	63.82	ACGT	Cupriavidus nantongensis strain X1 plasmid, complete sequence
CP026268.1	0.2774	0.5932	40564	64.44	ACGT	Aminobacter sp. MSH1 plasmid pBAM1, complete sequence
CP017760.1	0.2774	0.5932	77172	64.17	ACGT	Cupriavidus necator strain NH9 plasmid pENH91, complete sequence
AJ515144.2	0.2774	0.5932	98192	62.18	ACGT	Achromobacter xylosoxidans plasmid pA81, strain A8
CP002288.1	0.2774	0.5932	98156	62.17	ACGT	Achromobacter xylosoxidans A8 plasmid pA81, complete sequence
CP062809.1	0.2774	0.5932	81787	62.29	ACGT	Cupriavidus basilensis strain DSM 11853 plasmid pRK1-5, complete sequence
CP053554.1	0.2774	0.5932	49405	64.67	ACGT	Diaphorobacter sp. JS3050 plasmid pDCNB, complete sequence
CP053984.1	0.2774	0.5932	91397	64.8	ACGT	Achromobacter pestifer strain FDAARGOS_790 plasmid unnamed, complete sequence
JF274990.2	0.2774	0.5932	60421	64.75	ACGT	Delftia acidovorans plasmid pNB8c, complete sequence
JF274987.1	0.2774	0.5932	79291	63.93	ACGT	Comamonas testosteroni plasmid pTB30, complete sequence
JN106171.1	0.2774	0.5932	82401	63.91	ACGT	Uncultured bacterium plasmid pAKD26, complete sequence
EF079106.1	0.2774	0.5932	91181	63.44	ACGNT	Comamonas sp. CNB-1 plasmid pCNB, complete sequence
JF274988.1	0.2774	0.5932	77429	63.87	ACGT	Delftia acidovorans plasmid pLME1, complete sequence
GQ495894.1	0.2774	0.5932	86647	62.85	ACGT	Synthetic construct plasmid pWDL7::rfp, complete sequence
JX469826.1	0.2774	0.5932	64393	62.15	ACGT	Uncultured bacterium plasmid pB12, complete sequence
LC623924.1	0.2774	0.5932	55596	63.1	ACGT	Uncultured bacterium plasmid pYKBP039 DNA, complete sequence
HQ891317.1	0.2774	0.5932	74280	64.26	ACGT	Delftia acidovorans strain CA28 plasmid pC1-1, complete sequence
MW679657.1	0.2774	0.5932	87305	63.96	ACGT	Achromobacter sp. strain ANB-1 plasmid pDCA-1, complete sequence
CP018471.1	0.2753	0.9407	62784	64.97	ACGT	Xanthomonas vesicatoria strain LM159 plasmid pLM159.2, complete sequence
MW574946.1	0.2753	0.9407	62944	63.86	ACGT	Escherichia coli strain CV601 plasmid pWE_C_2, complete sequence
MW574939.1	0.2753	0.9407	62942	63.87	ACGT	Escherichia coli strain CV601 plasmid pTE_C_4, complete sequence
CP074362.1	0.2753	0.5127	46036	63.59	ACGT	Xanthomonas translucens pv. undulosa strain CFBP 2055 plasmid unnamed, complete sequence
CP063999.1	0.2753	0.5127	45639	63.65	ACGT	Xanthomonas translucens pv. undulosa strain XtKm15 plasmid unnamed2, complete sequence
MW574941.1	0.2731	0.5169	51649	60.91	ACGT	Escherichia coli strain CV601 plasmid pTE_T100_2, complete sequence
KM655308.1	0.2672	0.5169	38744	61.55	ACGT	Uncultured bacterium plasmid pSFS12, partial sequence
JN106175.1	0.2672	0.5169	86438	64.35	ACGT	Uncultured bacterium plasmid pAKD34, complete sequence
JQ436722.1	0.2672	0.5169	62798	62.11	ACGT	Ralstonia pickettii plasmid p712, complete sequence
KM655311.1	0.2672	0.5169	40089	60.89	ACGNT	Uncultured bacterium plasmid pSFW53, partial sequence
JN106170.1	0.2672	0.5169	75067	62	ACGNT	Uncultured bacterium plasmid pAKD25, complete sequence
JN106167.1	0.2672	0.5169	74971	62.85	ACGT	Uncultured bacterium plasmid pAKD16, complete sequence
JX469827.1	0.2672	0.5169	63472	61.7	ACGNT	Uncultured bacterium plasmid pEMT3, complete sequence
LC746222.1	0.2672	0.5169	57553	59.8	ACGT	Uncultured bacterium plasmid pLBC54 DNA, complete sequence
CP063994.1	0.2672	0.5127	45351	63.64	ACGT	Xanthomonas translucens pv. undulosa strain XtLr8 plasmid unnamed1, complete sequence
JX469829.1	0.2629	0.5975	58290	64.44	ACGNT	Uncultured bacterium plasmid pB1, complete sequence
JX469828.1	0.2629	0.5975	62099	62.65	ACGT	Uncultured bacterium plasmid pRSB223, complete sequence
CP000541.1	0.2629	0.589	63609	64.58	ACGT	Acidovorax sp. JS42 plasmid pAOVO02, complete sequence
CP065667.1	0.2629	0.589	73470	64.43	ACGT	Delftia acidovorans strain FDAARGOS_909 plasmid unnamed, complete sequence
JX469824.1	0.2629	0.589	19257	64.08	ACGT	Uncultured bacterium plasmid pRSB222, partial sequence
MN366361.1	0.2629	0.589	70131	62.61	ACGT	Bacterium voucher WWTP_Biosolids plasmid pALTS33, complete sequence
AB231906.2	0.2608	0.589	46557	65.33	ACGT	Sphingomonas sp. A1 plasmid pA1 DNA, complete sequence
JX469832.1	0.2608	0.589	82988	62.63	ACGT	Burkholderia cepacia plasmid pYS1, complete sequence
MH392240.1	0.2608	0.589	51488	64.24	ACGT	Sym plasmid plasmid pTL8, complete sequence
LC623915.1	0.2608	0.589	51488	64.24	ACGT	Uncultured bacterium plasmid pYKBG006 DNA, complete sequence
LC623910.1	0.257	0.5551	42722	63.21	ACGT	Uncultured bacterium plasmid pYKAM033 DNA, complete sequence
AM261282.1	0.2527	0.5254	54383	60.84	ACGT	Uncultured bacterium IncP-1 plasmid pKJK5 complete sequence
CP028340.1	0.2527	0.5254	53761	60.76	ACGT	Thauera aromatica K172 plasmid pKJK172, complete sequence
KC964607.1	0.2527	0.5254	55475	59.99	ACGT	Uncultured bacterium plasmid pMLUA4, complete sequence
JQ004406.1	0.2527	0.5254	56366	60.31	ACGT	Uncultured bacterium plasmid pHH128, complete sequence
JQ004409.1	0.2527	0.5254	53419	61.1	ACGT	Uncultured bacterium plasmid pKS77, complete sequence
JQ004407.1	0.2527	0.5254	51230	61.19	ACGT	Uncultured bacterium plasmid pHH3408, complete sequence
KC964605.1	0.2527	0.5254	58845	59.64	ACGT	Uncultured bacterium plasmid pMLUA1, complete sequence
KC964606.1	0.2527	0.5254	57859	60.06	ACGT	Uncultured bacterium plasmid pMLUA3, complete sequence
MH392238.1	0.2527	0.5254	39671	61.48	ACGT	Sym plasmid plasmid pTL50, complete sequence
LC746223.1	0.2527	0.5254	51522	61.61	ACGT	Uncultured bacterium plasmid pLBC56 DNA, complete sequence
MN366356.1	0.2527	0.5254	58844	59.64	ACGT	Bacterium voucher WWTP_Biosolids plasmid pALTS27, complete sequence
MW574943.1	0.2527	0.5254	51506	61.6	ACGT	Escherichia coli strain CV601 plasmid pTE_T100_4, complete sequence
MW574938.1	0.2527	0.5254	63269	59.62	ACGT	Escherichia coli strain CV601 plasmid pTE_C_3, complete sequence
MN366360.1	0.2527	0.5254	57949	59.65	ACGT	Bacterium voucher WWTP_Biosolids plasmid pALTS32, complete sequence
LC746226.1	0.2527	0.5254	63385	59.82	ACGT	Uncultured bacterium plasmid pLBC75 DNA, complete sequence
KM655310.1	0.2527	0.5254	45002	61.1	ACGNT	Uncultured bacterium plasmid pSFS52, partial sequence
LC623890.1	0.2527	0.5254	52432	61.62	ACGT	Uncultured bacterium plasmid pMNBL056 DNA, complete sequence
LC746224.1	0.2527	0.5254	77135	61.34	ACGT	Uncultured bacterium plasmid pLBC62 DNA, complete sequence
MW574937.1	0.2527	0.5254	49709	61.4	ACGT	Escherichia coli strain CV601 plasmid pTE_C_2, complete sequence
LC746227.1	0.2527	0.5254	57862	60.08	ACGT	Uncultured bacterium plasmid pLBC82 DNA, complete sequence
KM655309.1	0.2527	0.5254	48459	61.02	ACGNT	Uncultured bacterium plasmid pSFS26, partial sequence
LC623922.1	0.2527	0.5254	42530	61.65	ACGT	Uncultured bacterium plasmid pYKBO007 DNA, complete sequence
LC746225.1	0.2527	0.5254	71660	61.49	ACGT	Uncultured bacterium plasmid pLBC70 DNA, complete sequence
KU356987.1	0.2194	0.6568	58745	64.51	ACGT	Variovorax paradoxus plasmid pBS64, complete sequence
LC623928.1	0.2011	0.3119	46366	61.18	ACGT	Uncultured bacterium plasmid pYKCG107 DNA, complete sequence
CP076070.1	0.1737	0.5678	68372	63.06	ACGT	Vibrio anguillarum strain NB10-GFP plasmid unnamed2, complete sequence
CP096569.1	0.172	0.3004	90481	63.68	ACGT	Xanthomonas translucens pv. undulosa strain Xtu-UPB513 plasmid pUPB513, complete sequence
CP044223.1	0.1634	0.1763	43759	53.17	ACGT	Nitrincola iocasae strain KXZD1103 plasmid unnamed1, complete sequence
CP001979.1	0.1634	0.1763	42349	53.56	ACGT	Marinobacter adhaerens HP15 plasmid pHP-42, complete sequence
CP052134.1	0.1613	0.1386	281656	62.17	ACGT	Burkholderia glumae strain HN2 plasmid pbghn2, complete sequence
CP100246.1	0.1613	0.1339	169201	62.44	ACGT	Burkholderia glumae strain BGR28S plasmid p28s1p, complete sequence
CP100258.1	0.1613	0.1305	362586	62.45	ACGT	Burkholderia glumae strain BGR76S plasmid p76s1p, complete sequence
CP099586.1	0.1613	0.1254	121702	62.81	ACGT	Burkholderia glumae strain GR20004 plasmid unnamed3, complete sequence
CP033658.1	0.1613	0.1191	136971	61.77	ACGT	Burkholderia glumae strain BGR13S plasmid p2_BGR13S, complete sequence
CP100288.1	0.1613	0.1191	132942	61.71	ACGT	Burkholderia glumae strain BGR48S plasmid p48s2p, complete sequence
CP100237.1	0.1613	0.1191	100711	61.36	ACGT	Burkholderia glumae strain BGR19S plasmid p19s3p, complete sequence
CP033671.1	0.1613	0.111	141000	63.24	ACGT	Burkholderia glumae strain BGR80S plasmid p2_BGR80S, complete sequence
CP100302.1	0.1613	0.111	141000	63.24	ACGT	Burkholderia glumae strain BGR81S plasmid p81s2p, complete sequence
CP100185.1	0.1613	0.1013	52685	60.58	ACGT	Burkholderia glumae strain R5 plasmid pR53p, complete sequence
CP100294.1	0.1613	0	152564	60.73	ACGT	Burkholderia glumae strain R2 plasmid pr22p, complete sequence
LC623889.1	0.1575	0.1911	42885	53.32	ACGT	Uncultured bacterium plasmid pMHAD031 DNA, complete sequence
CP136337.1	0.1511	0	200976	60.74	ACGT	Piscinibacter gummiphilus strain SBD 7-3 plasmid unnamed1, complete sequence
CR555308.1	0.1468	0.1191	223670	63.11	ACGT	Azoarcus sp. EbN1 plasmid 2
CP001897.1	0.1468	0.114	102242	61.94	ACGT	Allochromatium vinosum DSM 180 plasmid pALVIN01, complete sequence
CP044084.1	0.1446	0.1157	585976	54.95	ACGT	Pseudomonas luteola strain FDAARGOS_637 plasmid unnamed1, complete sequence
CP116728.1	0.1446	0.1076	196589	59.21	ACGT	Pseudomonas aeruginosa strain 2875 plasmid unnamed
CP041355.1	0.1446	0	185168	59.34	ACGT	Pseudomonas aeruginosa strain AZPAE15042 plasmid pIHMA87, complete sequence
LC685026.1	0.1446	0	179007	59.48	ACGT	Pseudomonas aeruginosa PAO1808 plasmid R716 DNA, complete sequence
CP045089.1	0.143	0.1386	201571	61.42	ACGT	Burkholderia glumae strain GX plasmid pWSGX1, complete sequence
CP100188.1	0.143	0.1305	189346	63.88	ACGT	Burkholderia glumae strain SL-947S plasmid p947s1p, complete sequence
CP100133.1	0.143	0.1305	189346	63.88	ACGT	Burkholderia glumae strain BGR85S plasmid p85s1p, complete sequence
CP100143.1	0.143	0.1305	185317	64	ACGT	Burkholderia glumae strain BGR33S plasmid p33s2p, complete sequence
KP289281.1	0.1409	0.297	108845	62.5	ACGNTW	Pseudomonas sp. EGD-AKN5 plasmid, complete sequence
U66917.2	0.1409	0.297	108845	62.56	ACGT	Pseudomonas sp. ADP atrazine catabolic plasmid pADP-1, complete sequence
CP027861.1	0.1409	0.1076	149386	58.82	ACGT	Ahniella affigens strain D13 plasmid unnamed, complete sequence
CP047314.1	0.1409	0	46207	57.73	ACGT	Pseudomonas putida strain YC-AE1 plasmid unnamed3, complete sequence
CP087967.1	0.1387	0.1305	563760	59.14	ACGT	Polaromonas sp. P1-6 plasmid unnamed1, complete sequence
OX638702.1	0.1387	0.1191	290802	56.95	ACGT	Pseudomonas aeruginosa strain 4782MK genome assembly, plasmid: p4782_002
JQ432563.1	0.1387	0	44304	55.52	ACGT	Uncultured bacterium plasmid pMBUI1, complete sequence
CP100242.1	0.1366	0.1305	116826	63.62	ACGT	Burkholderia glumae strain BGR22S plasmid p22s3p, complete sequence
CP099604.1	0.1366	0.1208	289855	68.6	ACGT	Comamonadaceae bacterium OTU4NAUVB1 plasmid unnamed3, complete sequence
AP009388.1	0.1344	0.1127	167422	61.33	ACGT	Burkholderia multivorans ATCC 17616 plasmid pTGL1 DNA, complete sequence
CP000871.1	0.1344	0.1127	167422	61.33	ACGT	Burkholderia multivorans ATCC 17616 plasmid pBMUL01, complete sequence
CP090684.1	0.1344	0	156151	61.27	ACGT	Burkholderia multivorans strain 2019Y71417852IX plasmid p1_2019Y71417852IX, complete sequence
CP075756.1	0.1344	0	161091	59.63	ACGT	Pseudomonas aeruginosa strain PaLo553 plasmid pPALO553, complete sequence
CP048444.1	0.1344	0	161953	60.98	ACGT	Burkholderia multivorans strain P2Bm2011a plasmid unnamed, complete sequence
CP090691.1	0.1344	0	156152	61.27	ACGT	Burkholderia multivorans strain 2017Y71087112III plasmid p1_2017Y71087112IIIx, complete sequence
CP095771.1	0.1344	0	174560	59.13	ACGT	Pseudomonas aeruginosa strain 34Pae36 plasmid p34Pae36, complete sequence
CP090720.1	0.1344	0	156152	61.27	ACGT	Burkholderia multivorans strain 2014Y70532416II plasmid p1_2014Y70532416II, complete sequence
CP090768.1	0.1344	0	156151	61.27	ACGT	Burkholderia multivorans strain 2008Ycf542 plasmid p1_2008Ycf542, complete sequence
CP100135.1	0.1323	0.1386	104740	63.65	ACGT	Burkholderia glumae strain BGR85S plasmid p85s3p, complete sequence
CP033661.1	0.1323	0.1305	161144	62.21	ACGT	Burkholderia glumae strain BGR15S plasmid p3_BGR15S, complete sequence
CP021077.1	0.1323	0.1305	168969	63.87	ACGT	Burkholderia glumae strain 957856-41-c plasmid unnamed2, complete sequence
CP100190.1	0.1323	0.1305	104740	63.65	ACGT	Burkholderia glumae strain SL-947S plasmid p947s3p, complete sequence
CP100138.1	0.1323	0.1305	204816	62.17	ACGT	Burkholderia glumae strain R93 plasmid pr931p, complete sequence
CP018472.1	0.1323	0.1254	222061	59.49	ACGT	Xanthomonas perforans strain LH3 plasmid pLH3.1, complete sequence
CP060471.1	0.1323	0.1254	219409	62.76	ACGT	Xanthomonas citri pv. citri strain DAR73889 plasmid pXAS220, complete sequence
CP060447.1	0.1323	0.1254	220762	62.76	ACGT	Xanthomonas citri pv. citri strain DAR72029 plasmid pXAS220, complete sequence
CP060457.1	0.1323	0.1254	219634	62.76	ACGT	Xanthomonas citri pv. citri strain DAR73909 plasmid pXAS220, complete sequence
CP073671.1	0.1323	0.1225	134189	62.63	ACGT	Burkholderia cenocepacia strain toggle2 plasmid unnamed1, complete sequence
CP073707.1	0.1323	0.1225	134199	62.63	ACGT	Burkholderia cenocepacia strain toggle3 plasmid unnamed3, complete sequence
CP097558.1	0.1323	0.1208	177192	59.56	ACGT	Pseudomonas aeruginosa strain C1.3 plasmid pPAC1.3a, complete sequence
CP111031.1	0.1323	0.1208	177374	59.59	ACGT	Pseudomonas aeruginosa strain PALA38 plasmid pPALA38, complete sequence
CP111033.1	0.1323	0.1208	177374	59.59	ACGT	Pseudomonas aeruginosa strain PALA54 plasmid pPALA54, complete sequence
OX638611.1	0.1323	0.1208	179283	59.51	ACGT	Pseudomonas aeruginosa strain 3541 genome assembly, plasmid: p3541_1
OX638565.1	0.1323	0.1208	178483	59.58	ACGT	Pseudomonas aeruginosa strain 3796A genome assembly, plasmid: p3796A
CP000531.1	0.1323	0.1157	190172	58.01	ACGT	Polaromonas naphthalenivorans CJ2 plasmid pPNAP02, complete sequence
AM747723.1	0.1323	0	92661	62.76	ACGT	Burkholderia cenocepacia J2315 pBCJ2315 plasmid, complete genome
CP053303.1	0.1323	0	92661	62.76	ACGT	Burkholderia cenocepacia strain K56-2 plasmid pBCK56, complete sequence
CP082864.1	0.1323	0	188281	60.67	ACGT	Cupriavidus pauculus strain FDAARGOS_1472 plasmid unnamed1, complete sequence
CP102478.1	0.1323	0	94494	62.76	ACGT	Burkholderia cenocepacia strain NML110041 plasmid unnamed1, complete sequence
CP054818.1	0.1323	0	92661	62.76	ACGT	Burkholderia cenocepacia strain FDAARGOS_734 plasmid unnamed1, complete sequence
CP130149.1	0.1323	0	88744	62.19	ACGT	Burkholderia glumae strain BD_21g plasmid p3_21g, complete sequence
CP047317.1	0.1306	0.1288	122067	61.54	ACGT	Burkholderia glumae AU6208 plasmid pwszb, complete sequence
FR989770.1	0.1306	0.1208	138277	62.43	ACGNT	Burkholderia cenocepacia strain R-12632 genome assembly, plasmid: 4
FR989782.1	0.1306	0.1208	140178	61.9	ACGNT	Burkholderia cenocepacia strain R-12632 genome assembly, plasmid: 4
FR989806.1	0.1306	0.1208	140347	62.34	ACGNT	Burkholderia cenocepacia strain R-12632 genome assembly, plasmid: 4
FR989818.1	0.1306	0.1208	138277	62.43	ACGNT	Burkholderia cenocepacia strain R-12632 genome assembly, plasmid: 4
FR989778.1	0.1306	0.1208	144705	62.3	ACGNT	Burkholderia cenocepacia strain R-12632 genome assembly, plasmid: 4
FR989822.1	0.1306	0.1208	144097	62.3	ACGNT	Burkholderia cenocepacia strain R-12632 genome assembly, plasmid: 4
FR989714.1	0.1306	0.1208	146299	62.27	ACGNT	Burkholderia cenocepacia strain R-12632 genome assembly, plasmid: 4
FR989750.1	0.1306	0.1208	141571	59.79	ACGNT	Burkholderia cenocepacia strain R-12632 genome assembly, plasmid: 4
FR989726.1	0.1306	0.1208	140567	58.88	ACGNT	Burkholderia cenocepacia strain R-12632 genome assembly, plasmid: 4
FR989762.1	0.1306	0.1208	140515	62.36	ACGNT	Burkholderia cenocepacia strain R-12632 genome assembly, plasmid: 4
FR989706.1	0.1306	0.1208	144749	62.3	ACGNT	Burkholderia cenocepacia strain R-12632 genome assembly, plasmid: 4
FR989718.1	0.1306	0.1208	140347	60.58	ACGNT	Burkholderia cenocepacia strain R-12632 genome assembly, plasmid: 4
FR989702.1	0.1306	0.1208	141400	59.65	ACGNT	Burkholderia cenocepacia strain R-12632 genome assembly, plasmid: 4
FR989678.1	0.1306	0.1208	140347	62.37	ACGT	Burkholderia cenocepacia strain R-12632 genome assembly, plasmid: 4
FR989786.1	0.1306	0.1208	138277	62.43	ACGNT	Burkholderia cenocepacia strain R-12632 genome assembly, plasmid: 4
FR989754.1	0.1306	0.1208	146299	62.27	ACGNT	Burkholderia cenocepacia strain R-12632 genome assembly, plasmid: 4
FR989738.1	0.1306	0.1208	140515	62.36	ACGNT	Burkholderia cenocepacia strain R-12632 genome assembly, plasmid: 4
FR989798.1	0.1306	0.1208	138277	62.43	ACGNT	Burkholderia cenocepacia strain R-12632 genome assembly, plasmid: 4
FR989774.1	0.1306	0.1208	146299	62.27	ACGNT	Burkholderia cenocepacia strain R-12632 genome assembly, plasmid: 4
FR989698.1	0.1306	0.1208	146299	62.27	ACGNT	Burkholderia cenocepacia strain R-12632 genome assembly, plasmid: 4
FR989766.1	0.1306	0.1208	138277	62.43	ACGNT	Burkholderia cenocepacia strain R-12632 genome assembly, plasmid: 4
FR989746.1	0.1306	0.1208	146299	62.27	ACGNT	Burkholderia cenocepacia strain R-12632 genome assembly, plasmid: 4
FR989810.1	0.1306	0.1208	140347	60.1	ACGNT	Burkholderia cenocepacia strain R-12632 genome assembly, plasmid: 4
FR989682.1	0.1306	0.1208	140347	60.58	ACGNT	Burkholderia cenocepacia strain R-12632 genome assembly, plasmid: 4
FR989730.1	0.1306	0.1208	139320	62.38	ACGNT	Burkholderia cenocepacia strain R-12632 genome assembly, plasmid: 4
FR989686.1	0.1306	0.1208	141052	62.36	ACGNT	Burkholderia cenocepacia strain R-12632 genome assembly, plasmid: 4
FR989742.1	0.1306	0.1208	140347	60.58	ACGNT	Burkholderia cenocepacia strain R-12632 genome assembly, plasmid: 4
FR989690.1	0.1306	0.1208	140515	62.36	ACGNT	Burkholderia cenocepacia strain R-12632 genome assembly, plasmid: 4
FR989802.1	0.1306	0.1208	138277	62.43	ACGNT	Burkholderia cenocepacia strain R-12632 genome assembly, plasmid: 4
FR989814.1	0.1306	0.1208	138108	62.41	ACGNT	Burkholderia cenocepacia strain R-12632 genome assembly, plasmid: 4
FR989710.1	0.1306	0.1208	140347	62.34	ACGNT	Burkholderia cenocepacia strain R-12632 genome assembly, plasmid: 4
FR989722.1	0.1306	0.1208	140347	60.58	ACGNT	Burkholderia cenocepacia strain R-12632 genome assembly, plasmid: 4
FR989758.1	0.1306	0.1208	140515	62.36	ACGNT	Burkholderia cenocepacia strain R-12632 genome assembly, plasmid: 4
FR989674.1	0.1306	0.1208	146299	62.27	ACGNT	Burkholderia cenocepacia strain R-12632 genome assembly, plasmid: 4
FR989794.1	0.1306	0.1208	138277	62.43	ACGNT	Burkholderia cenocepacia strain R-12632 genome assembly, plasmid: 4
FR989734.1	0.1306	0.1208	140515	62.36	ACGNT	Burkholderia cenocepacia strain R-12632 genome assembly, plasmid: 4
FR989694.1	0.1306	0.1208	146299	62.27	ACGNT	Burkholderia cenocepacia strain R-12632 genome assembly, plasmid: 4
FR989790.1	0.1306	0.1208	140894	60.42	ACGNT	Burkholderia cenocepacia strain R-12632 genome assembly, plasmid: 4
CP084634.1	0.1306	0.1191	54136	56.71	ACGT	Caballeronia sp. TF1N1 plasmid p5, complete sequence
CP000534.1	0.1306	0.1076	58808	59.56	ACGT	Polaromonas naphthalenivorans CJ2 plasmid pPNAP05, complete sequence
CP014511.1	0.1285	0.0945	20973	56.44	ACGT	Burkholderia sp. PAMC 28687 plasmid 4, complete sequence
CP002166.1	0.1285	0	26180	49.34	ACGT	Xylella fastidiosa subsp. fastidiosa GB514 plasmid, complete sequence
AP019786.1	0.1263	0.1059	70338	64.53	ACGT	Methylomagnum ishizawai RS11D-Pr plasmid pRS11DPr3 DNA, complete genome
AP018811.1	0.1263	0	75799	53.07	ACGT	Escherichia coli E2865 plasmid pE2865-3 DNA, complete genome
CP084254.1	0.1263	0	74900	57.7	ACGT	Caballeronia sp. Sq4a plasmid p2, complete sequence
LT837804.1	0.1242	0.1093	39597	61.04	ACGNT	Sterolibacterium denitrificans strain Chol genome assembly, plasmid: SDENCHOLpa
CP006739.1	0.1242	0	24391	49	ACGT	Xylella fastidiosa MUL0034 plasmid unnamed2, complete sequence
CP090507.1	0.1242	0	24372	49.02	ACGT	Xylella fastidiosa subsp. morus strain Riv19 plasmid pXF-Riv19, complete sequence
CP090509.1	0.1242	0	25105	49.03	ACGT	Xylella fastidiosa subsp. morus strain Riv11 plasmid pXF-Riv11, complete sequence
CP090512.1	0.1242	0	26361	49.41	ACGT	Xylella fastidiosa subsp. multiplex strain Oak 35874 plasmid pXF26-Oak35874, complete sequence
CP090317.1	0.1242	0	25102	49.02	ACGT	Xylella fastidiosa subsp. morus strain Riv16 plasmid pXF-Riv16, complete sequence
CP090505.1	0.1242	0	24372	49.02	ACGT	Xylella fastidiosa subsp. morus strain Riv25 plasmid pXF-Riv25, complete sequence
GU938458.1	0.1242	0	25105	49.03	ACGT	Xylella fastidiosa strain Riv16 plasmid pXF-RIV16, complete sequence
CP109889.1	0.1242	0	28508	49.53	ACGT	Xylella fastidiosa subsp. fastidiosa strain CFBP8073 plasmid pXF-P2.CFBP8073
GU938459.1	0.1242	0	24372	49.02	ACGT	Xylella fastidiosa strain Riv19 plasmid pXF-RIV19, complete sequence
GU938460.1	0.1242	0	24372	49.02	ACGT	Xylella fastidiosa strain Riv25 plasmid pXF-RIV25, complete sequence
GU938457.1	0.1242	0	25105	49.03	ACGT	Xylella fastidiosa strain Riv11 plasmid pXF-RIV11, complete sequence
LN853047.1	0.114	0	4751	68.66	ACGT	Uncultured prokaryote from Rat gut metagenome metamobilome, plasmid pRGRH0401
JQ004408.1	0	0.4178	55424	61.11	ACGT	Uncultured bacterium plasmid pHH3414, complete sequence
LC623925.1	0	0.3068	45846	61.31	ACGT	Uncultured bacterium plasmid pYKBR041 DNA, complete sequence
LC623919.1	0	0.3051	64506	60.25	ACGT	Uncultured bacterium plasmid pYKBL037 DNA, complete sequence
AY950444.1	0	0.2335	62689	60.17	ACGT	Plasmid pMCBF1, complete sequence
EF107516.1	0	0.2335	66615	59.67	ACGT	Uncultured bacterium pMCBF6 plasmid pMCBF6, complete sequence
CP003381.1	0	0.2038	47825	54.6	ACGT	Methylophaga frappieri strain JAM7 plasmid, complete sequence
CP006601.1	0	0.1797	42347	53.27	ACGT	Cycloclasticus zancles 78-ME plasmid p7ME01, complete sequence
CP021159.1	0	0.1386	193251	62.49	ACGT	Burkholderia glumae strain 411gr-6 plasmid unnamed1, complete sequence
AP025674.1	0	0.1322	45215	61.59	ACGT	Acidovorax sp. SUPP3334 SUPP3334 plasmid pAV3334-2 DNA, complete genome
CP023206.1	0	0.1322	135963	63.34	ACGT	Burkholderia glumae strain 336gr-1 plasmid unnamed2, complete sequence
CP033659.1	0	0.1305	120855	62.45	ACGT	Burkholderia glumae strain BGR13S plasmid p3_BGR13S, complete sequence
CP033651.1	0	0.1305	141001	62.8	ACGT	Burkholderia glumae strain YH67 plasmid p3_YH67, complete sequence
CP001507.2	0	0.1305	141067	62.68	ACGT	Burkholderia glumae BGR1 plasmid bglu_3p, complete sequence
CP033646.1	0	0.1305	141001	62.77	ACGT	Burkholderia glumae strain YH43 plasmid p3_YH43, complete sequence
CP035902.1	0	0.1305	214469	62.47	ACGT	Burkholderia glumae strain 257sh-1 plasmid plas1, complete sequence
CP027479.1	0	0.1305	300131	54.17	ACGT	Pseudomonas koreensis strain P19E3 plasmid p2, complete sequence
CP033639.1	0	0.1305	141001	62.77	ACGT	Burkholderia glumae strain YH38 plasmid p3_YH38, complete sequence
CP100148.1	0	0.1305	136971	62.82	ACGT	Burkholderia glumae strain BGR39S plasmid p39s3p, complete sequence
CP100195.1	0	0.1305	141000	62.77	ACGT	Burkholderia glumae strain TW34RS plasmid ptw34rs3p, complete sequence
CP100213.1	0	0.1305	141000	62.77	ACGT	Burkholderia glumae strain EW10RS plasmid pew10rs3p, complete sequence
CP100166.1	0	0.1305	141000	62.77	ACGT	Burkholderia glumae strain BGR57S plasmid p57s3p, complete sequence
CP100231.1	0	0.1305	141000	62.77	ACGT	Burkholderia glumae strain SEW1RS plasmid pse1rs3p, complete sequence
CP100201.1	0	0.1305	140999	62.77	ACGT	Burkholderia glumae strain PERW1RS plasmid perw1rs3p, complete sequence
CP100160.1	0	0.1305	141000	62.8	ACGT	Burkholderia glumae strain BGR49S plasmid p49s3p, complete sequence
CP100278.1	0	0.1305	141000	62.77	ACGT	Burkholderia glumae strain BGR73S plasmid p73s3p, complete sequence
CP100207.1	0	0.1305	141000	62.77	ACGT	Burkholderia glumae strain PW30RS plasmid pw30rs3p, complete sequence
CP100172.1	0	0.1305	141000	62.77	ACGT	Burkholderia glumae strain BGR59S plasmid p59s3p, complete sequence
CP100272.1	0	0.1305	141000	62.77	ACGT	Burkholderia glumae strain BGR68S plasmid p68s3p, complete sequence
CP100295.1	0	0.1305	141006	63.18	ACGT	Burkholderia glumae strain R2 plasmid pr23p, complete sequence
CP114116.1	0	0.1305	194126	54.28	ACGT	Pseudomonas sp. GXZC plasmid unnamed, complete sequence
CP100154.1	0	0.1305	141000	62.77	ACGT	Burkholderia glumae strain BGR82S plasmid p82s3p, complete sequence
CP100225.1	0	0.1305	140999	62.77	ACGT	Burkholderia glumae strain POW17RS plasmid pow17rs3p, complete sequence
CP100287.1	0	0.1305	177259	62.47	ACGT	Burkholderia glumae strain BGR48S plasmid p48s1p, complete sequence
CP100219.1	0	0.1305	141000	62.77	ACGT	Burkholderia glumae strain SW2RS plasmid psw2rs3p, complete sequence
MK569690.1	0	0.1305	199174	54.8	ACGT	Pseudomonas syringae pv. actinidiae strain 1215 plasmid pMG4_1215, complete sequence
CP021660.1	0	0.1288	148316	48.26	ACGT	Candidatus Fukatsuia symbiotica strain 5D plasmid p5D_Fsymbiotica-1, complete sequence
CP047313.1	0	0.1288	388915	56.1	ACGT	Pseudomonas putida strain YC-AE1 plasmid unnamed2, complete sequence
CP005961.1	0	0.1254	410512	55.08	ACGT	Pseudomonas mandelii JR-1 plasmid, complete sequence
CP059994.1	0	0.1254	312426	59.76	ACGT	Xanthomonas citri strain T4 plasmid pT4p2, complete sequence
CP137540.1	0	0.1254	255122	59.67	ACGT	Xanthomonas euvesicatoria strain T0319-01 plasmid p3191.1, complete sequence
CP137533.1	0	0.1254	250793	59.64	ACGT	Xanthomonas euvesicatoria strain XpT39 plasmid pXpT39.1, complete sequence
CP137537.1	0	0.1254	251985	59.65	ACGT	Xanthomonas euvesicatoria strain XpT32 plasmid pXpT32.1, complete sequence
OX458334.1	0	0.1254	25724	58.25	ACGT	Methylocaldum szegediense isolate Msz(Nor) genome assembly, plasmid: MSZNORminor
CP014312.1	0	0.1242	49551	56.08	ACGT	Burkholderia sp. PAMC 26561 plasmid unnamed5, complete sequence
CP084282.1	0	0.1225	161349	61.05	ACGT	Cupriavidus pauculus strain BHJ32i plasmid p2, complete sequence
AY540995.2	0	0.1208	76958	62.03	ACGT	Achromobacter xylosoxidans subsp. denitrificans strain EST4002 plasmid pEST4011, complete sequence
JX847411.1	0	0.1208	99001	61.84	ACGNT	Burkholderia cepacia strain 2a plasmid pIJB1, complete sequence
AP022310.1	0	0.1191	481972	59.27	ACGT	Burkholderia sp. SFA1 plasmid BSFA1_p2 DNA, complete genome
CP011518.2	0	0.1191	633357	63.87	ACGT	Pandoraea oxalativorans strain DSM 23570 plasmid pPO70-1, complete sequence
CP100267.1	0	0.1191	80567	61.65	ACGT	Burkholderia glumae strain BGR79S plasmid p79s4p, complete sequence
CP100284.1	0	0.1191	61432	62.21	ACGT	Burkholderia glumae strain YH8 plasmid pyh83p, complete sequence
CP017294.1	0	0.1174	398087	59.37	ACGT	Pseudomonas aeruginosa strain PA83 plasmid unnamed1, complete sequence
CP000317.1	0	0.1157	360405	56.91	ACGT	Polaromonas sp. JS666 plasmid 1, complete sequence
CP068051.1	0	0.1157	107512	64.24	ACGT	Burkholderia gladioli strain BBB-01 plasmid p3, complete sequence
CP085998.1	0	0.1157	213709	62.13	ACGT	Burkholderia vietnamiensis strain FDAARGOS_1590 plasmid unnamed1, complete sequence
CP033673.1	0	0.114	197403	61.68	ACGT	Burkholderia glumae strain BGR80S plasmid p1_BGR80S, complete sequence
CP044973.1	0	0.114	319548	61.07	ACGT	Hydrogenophaga sp. PBL-H3 substr. PBL-H3(B4) plasmid pPBL-H3_B4-1, complete sequence
CP010418.1	0	0.114	62783	56.76	ACGT	Azotobacter chroococcum NCIMB 8003 plasmid pAcX50c, complete sequence
AP025274.1	0	0.114	323125	58.33	ACGT	Pseudomonas alcaligenes MRCP2 plasmid pMRCP2 DNA, complete sequence
CP044976.1	0	0.114	319548	61.07	ACGT	Hydrogenophaga sp. PBL-H3 substr. PBL-H3(B2) plasmid pPBL-H3_B2-1, complete sequence
CP100301.1	0	0.114	197403	61.68	ACGT	Burkholderia glumae strain BGR81S plasmid p81s1p, complete sequence
JQ432564.1	0	0.114	50604	58.08	ACGT	Uncultured bacterium plasmid pKS208, complete sequence
LC623929.1	0	0.114	49370	58.53	ACGT	Uncultured bacterium plasmid pYKCS045 DNA, complete sequence
CP018851.1	0	0.1127	213743	59.17	ACGT	Xanthomonas citri pv. citri strain LJ207-7 plasmid pLJ207-7.1, complete sequence
CP018726.1	0	0.1127	192558	59.14	ACGT	Xanthomonas vesicatoria ATCC 35937 strain LMG911 plasmid pLMG911.1, complete sequence
CP018468.1	0	0.1127	201433	59.03	ACGT	Xanthomonas vesicatoria strain LM159 plasmid pLM159.1, complete sequence
CP018732.1	0	0.1127	203385	59.15	ACGT	Xanthomonas hortorum pv. gardneri strain ICMP 7383 plasmid pICMP7383.1, complete sequence
CP018859.1	0	0.1127	213737	59.17	ACGT	Xanthomonas citri pv. citri strain LH201 plasmid pLH201.1, complete sequence
CP018848.1	0	0.1127	220688	59.23	ACGT	Xanthomonas citri pv. citri strain LL074-4 plasmid pLL074-4.1, complete sequence
CP023286.1	0	0.1127	249703	58.81	ACGT	Xanthomonas citri pv. citri strain 03-1638-1-1 plasmid pCuR, complete sequence
CP018855.1	0	0.1127	211337	59.13	ACGT	Xanthomonas citri pv. citri strain LH276 plasmid pLH276.1, complete sequence
CP072607.1	0	0.1127	45140	62.02	ACGT	Burkholderia latens strain AU2934 plasmid pAU2934, complete sequence
CP018729.1	0	0.1127	211336	59.13	ACGT	Xanthomonas hortorum pv. gardneri strain JS749-3 plasmid pJS749-3.1, complete sequence
CP075326.1	0	0.1127	219560	59.34	ACGT	Xanthomonas citri pv. citri strain GD82 plasmid pGD82.1, complete sequence
CP062259.2	0	0.1127	219560	59.34	ACGT	Xanthomonas sp. WG16 plasmid pWG16.1, complete sequence
LR828254.1	0	0.1127	211306	59.13	ACGT	Xanthomonas gardneri strain CFBP 8129 genome assembly, plasmid: CFBP8129_p211
AP024564.1	0	0.111	175924	59.13	ACGT	Allochromatium tepidum NZ plasmid pAt1 DNA, complete genome
CP000530.1	0	0.111	353291	57.55	ACGT	Polaromonas naphthalenivorans CJ2 plasmid pPNAP01, complete sequence
CP000268.1	0	0.1093	257447	54.41	ACGT	Rhodoferax ferrireducens T118 strain DSM 15236 plasmid unnamed1, complete sequence
CP096947.1	0	0.1093	192317	58.64	ACGT	Pseudomonas aeruginosa strain NY5530 plasmid pNY5530-NR1, complete sequence
CP082977.1	0	0.1076	54793	46.49	ACGT	Klebsiella pneumoniae strain BD-14 plasmid p2-BD-14, complete sequence
CP082987.1	0	0.1076	54793	46.49	ACGT	Klebsiella pneumoniae strain 7011.62 plasmid p2-7011.62, complete sequence
CP084277.1	0	0.1076	131480	60.18	ACGT	Caballeronia grimmiae strain Lep1A1 plasmid p4, complete sequence
MG869625.1	0	0.1076	52468	58.56	ACGT	Polaromonas sp. W11N plasmid pW11NP2, complete sequence
AP025217.1	0	0.1059	50950	47.22	ACGT	Escherichia coli 2017.09.02CC plasmid p20170902CC-3 DNA, complete sequence
AP022551.1	0	0.1059	46459	45.02	ACGT	Escherichia coli THO-015 plasmid pTHO-015-2 DNA, complete sequence
AP025659.1	0	0.1059	59793	46.63	ACGT	Escherichia coli TUM13867 plasmid pMTY13867_untypable1 DNA, complete sequence
AP023201.1	0	0.1059	57172	46.16	ACGT	Escherichia coli TUM18780 plasmid pMTY18780-4 DNA, complete sequence
AP027517.1	0	0.1059	51086	46.91	ACGT	Escherichia coli LR-29-1 plasmid pLR-29-1_2 DNA, complete sequence
CP028855.1	0	0.1059	54031	46.55	ACGT	Klebsiella pneumoniae strain 3214 plasmid p5_3214, complete sequence
CP035195.1	0	0.1059	60128	47.15	ACGT	Klebsiella pneumoniae strain LH102-A plasmid pLH102-A, complete sequence
CP006788.1	0	0.1059	55956	45.88	ACGT	Escherichia coli JJ1886 plasmid pJJ1886_4, complete sequence
CP042602.1	0	0.1059	50625	47.14	ACGT	Escherichia coli strain NCYU-29-69 plasmid pNCYU-29-69-3_MCR3, complete sequence
AP025207.1	0	0.1059	50591	47.37	ACGT	Escherichia coli 2017.04.03CC plasmid p20170403CC-2 DNA, complete sequence
AP027552.1	0	0.1059	66231	49.52	ACGT	Escherichia coli LR-51 plasmid pLR-51_2 DNA, complete sequence
AP021897.1	0	0.1059	47676	47.19	ACGT	Escherichia coli 2018.02.02CC plasmid p2018_02_02CC DNA, complete genome
AP025222.1	0	0.1059	51114	47.22	ACGT	Escherichia coli 2017.11.01CC plasmid p20171101CC-2 DNA, complete sequence
AP025211.1	0	0.1059	50592	47.37	ACGT	Escherichia coli 2017.06.04CC plasmid p20170604CC-2 DNA, complete sequence
CP035638.1	0	0.1059	63601	46.9	ACGT	Enterobacter cloacae strain EN3600 plasmid unnamed6, complete sequence
AP027508.1	0	0.1059	51087	46.91	ACGT	Escherichia coli LR-27 plasmid pLR-27_2 DNA, complete sequence
AP025664.1	0	0.1059	59793	46.63	ACGT	Escherichia coli TUM20902 plasmid pMTY20902_untypable1 DNA, complete sequence
AP027669.1	0	0.1059	45537	47.12	ACGT	Escherichia coli PSS-04 plasmid pPSS-04_3 DNA, complete sequence
AP027427.1	0	0.1059	50626	47.06	ACGT	Escherichia coli B27 plasmid pB27_3 DNA, complete sequence
CP027203.2	0	0.1059	50520	47.04	ACGT	Escherichia coli strain WCHEC025943 plasmid pMCR3_025943, complete sequence
CP024128.1	0	0.1059	50013	47.02	ACGT	Escherichia coli strain 14EC001 plasmid p14EC001a, complete sequence
AP027876.1	0	0.1059	47676	47.19	ACGT	Escherichia coli 2018-02-2CC plasmid p2018-02-2CC_3 DNA, complete sequence
CP032987.1	0	0.1059	51622	46.91	ACGT	Escherichia coli strain BE2-5 plasmid pMCR_BE2-5, complete sequence
CP021078.1	0	0.1059	44155	46.81	ACGT	Citrobacter braakii strain SCC4 plasmid pSCC4, complete sequence
CP044383.1	0	0.1059	50621	47.16	ACGT	Klebsiella pneumoniae strain 2018S07-013 plasmid p2018S07-013-3_MCR3, complete sequence
AP027823.1	0	0.1059	51115	47.22	ACGT	Escherichia coli 2017.17.01CC plasmid p2017.17.01CC_1 DNA, complete sequence
CP062878.1	0	0.1059	46158	45.53	ACGT	Escherichia coli O157:H16 strain Res13-Lact-PEA12-26 plasmid unnamednovel_0, complete sequence
CP025711.1	0	0.1059	41544	45.34	ACGT	Escherichia coli strain YDC107 plasmid pYDC107_41, complete sequence
CP053213.1	0	0.1059	50638	47.08	ACGT	Escherichia coli strain QDFD216 plasmid unnamed2, complete sequence
CP058723.1	0	0.1059	50603	47.61	ACGT	Escherichia coli strain M159-1 plasmid pM159-1.4, complete sequence
CP081353.1	0	0.1059	62417	49.19	ACGT	Klebsiella michiganensis strain CCRI-24235 plasmid pCCRI24235-2, complete sequence
CP058728.1	0	0.1059	50633	47.61	ACGT	Escherichia coli strain S171-1 plasmid pS171-1.3, complete sequence
CP069715.1	0	0.1059	41110	45.4	ACGT	Escherichia coli strain EA13 plasmid pTA13-3, complete sequence
CP063432.1	0	0.1059	73549	48.73	ACGT	Klebsiella pneumoniae strain ENT1332 plasmid pKPC2_1332, complete sequence
CP051225.1	0	0.1059	41113	45.39	ACGT	Escherichia coli strain SCZE5 plasmid pSCZE3
CP063495.1	0	0.1059	56980	46.9	ACGT	Escherichia coli strain EF5-18-41 plasmid pEF5-18-41_3, complete sequence
CP061353.1	0	0.1059	73483	48.67	ACGT	Klebsiella pneumoniae strain ENT1988 plasmid pKPC2, complete sequence
CP063470.1	0	0.1059	47839	47.2	ACGT	Escherichia coli strain EM20-18-50 plasmid pEM20-18-50_3, complete sequence
CP055072.1	0	0.1059	52399	48.63	ACGT	Shigella flexneri strain SWHIN_97 plasmid unnamed2, complete sequence
CP082959.1	0	0.1059	52879	46.68	ACGT	Salmonella enterica subsp. arizonae strain S499 plasmid unnamed5, complete sequence
CP060284.1	0	0.1059	71861	48.59	ACGT	Klebsiella pneumoniae strain ent1077 plasmid pKPC2, complete sequence
CP061111.1	0	0.1059	41391	45.37	ACGT	Escherichia coli strain 1EC187 plasmid pEC187_3, complete sequence
CP063478.1	0	0.1059	47841	47.19	ACGT	Escherichia coli strain EM10-18-28 plasmid pEM10-18-28_2, complete sequence
CP049944.1	0	0.1059	60201	47.92	ACGT	Escherichia coli strain pV01-18-E02-25-25 plasmid pK18EC025, complete sequence
CP088736.1	0	0.1059	53825	46.58	ACGT	Escherichia coli strain B16EC1050 plasmid pB16EC1050-2, complete sequence
CP060877.1	0	0.1059	45345	45.95	ACGT	Escherichia coli strain EC27 plasmid pEC27-5, complete sequence
CP081317.1	0	0.1059	52406	46.81	ACGT	Citrobacter farmeri strain CCRI-24236 plasmid pCCRI24236-3, complete sequence
CP088791.1	0	0.1059	46496	46.11	ACGT	Escherichia coli strain B16EC0557 plasmid pB16EC0557-1, complete sequence
CP056799.1	0	0.1059	41391	45.37	ACGT	Escherichia coli strain RHBSTW-00177 plasmid pRHBSTW-00177_6, complete sequence
CP081817.1	0	0.1059	45511	47.11	ACGT	Klebsiella pneumoniae strain AR8416 plasmid p3, complete sequence
CP058710.1	0	0.1059	50634	47.61	ACGT	Escherichia coli strain S163-2 plasmid pS163-2.1, complete sequence
CP075346.1	0	0.1059	94151	51.55	ACGT	Enterobacter kobei strain S18_CRE18 plasmid pCRE18_1, complete sequence
CP095142.1	0	0.1059	52096	46.25	ACGT	Klebsiella pneumoniae strain Iso00199 plasmid pIso00199_02, complete sequence
CP088752.1	0	0.1059	42079	45.33	ACGT	Escherichia coli strain B16EC0942 plasmid pB16EC0942-8, complete sequence
CP102829.1	0	0.1059	50798	46.94	ACGT	Salmonella enterica subsp. enterica serovar Indiana strain XZ14C1328 plasmid pYUXZC1328-mcr, complete sequence
CP118410.1	0	0.1059	42093	45.33	ACGT	Escherichia coli strain GABEEC10 plasmid pGABEEC10_3, complete sequence
CP119077.1	0	0.1059	53106	46.65	ACGT	Klebsiella aerogenes strain RX7.1 plasmid pRX7.1, complete sequence
KF701335.1	0	0.1059	69453	48.89	ACGT	Escherichia coli strain HS102707 plasmid pHS102707, complete sequence
CP110877.1	0	0.1059	52089	46.26	ACGT	Enterobacter kobei strain SCLZS19 plasmid p7_SCLZS19, complete sequence
LC532227.1	0	0.1059	61594	47.39	ACGT	Enterobacter hormaechei subsp. xiangfangensis A2504 plasmid pA2504imp-1 DNA, complete sequence
KP324830.1	0	0.1059	82807	46.2	ACGKRSTY	Escherichia coli isolate FP671 plasmid pHNFP671, complete sequence
CP113181.1	0	0.1059	53177	47.09	ACGT	Klebsiella pneumoniae strain SYCC1 plasmid pSYCC1_mcr-1_53k, complete sequence
KX580713.1	0	0.1059	47409	47.19	ACGT	Escherichia coli strain ZJ623 plasmid, complete sequence
MG552133.1	0	0.1059	60744	47.21	ACGT	Escherichia coli strain ECSC102 plasmid pECSC102, complete sequence
LC532225.1	0	0.1059	61594	47.39	ACGT	Enterobacter hormaechei subsp. xiangfangensis A2483 plasmid pA2483imp-1 DNA, complete sequence
LC549805.1	0	0.1059	50507	47.02	ACGT	Escherichia coli VNCEc117 plasmid pVNCEc117 DNA, complete sequence
MF678351.1	0	0.1059	50520	47.04	ACGT	Escherichia coli strain WCHEC1943 plasmid pMCR3_WCHEC1943, complete sequence
MN542378.1	0	0.1059	71861	48.59	ACGT	Klebsiella pneumoniae subsp. pneumoniae strain 607 plasmid pKPC2_sg2, complete sequence
LC623894.1	0	0.1059	69454	48.19	ACGT	Uncultured bacterium plasmid pMNCG080 DNA, complete sequence
MT449719.1	0	0.1059	50525	47.12	ACGT	Escherichia coli strain PN150 plasmid pPN150, complete sequence
MH043625.1	0	0.1059	50537	46.96	ACGT	Escherichia coli strain GDZJ003 plasmid pGDZJ003-1-MCR-3, complete sequence
MF455227.1	0	0.1059	50830	46.9	ACGT	Escherichia coli strain WZR12 plasmid pZR12 mcr3 gene cluster, complete sequence
MH043623.1	0	0.1059	50818	47.11	ACGT	Escherichia coli strain GDZJ002 plasmid pGDZJ002-1, complete sequence
MF978389.1	0	0.1059	52740	47.14	ACGT	Escherichia coli strain GDT6F36 plasmid pHNGDF36-1, complete sequence
MW791424.1	0	0.1059	57341	47.89	ACGT	Escherichia coli strain HDC161 plasmid pHDC161-KPC, complete sequence
KY463452.1	0	0.1059	49897	46.97	ACGT	Escherichia coli strain WCHEC1622 plasmid pMCR_WCHEC1622, complete sequence
OP242290.1	0	0.1059	54724	46.5	ACGT	Escherichia coli strain LA172 plasmid pLAO80, complete sequence
OW969791.1	0	0.1059	53718	46.63	ACGT	Klebsiella pneumoniae isolate 1962 genome assembly, plasmid: P2
MT449718.1	0	0.1059	50379	47.14	ACGT	Escherichia coli strain PN143 plasmid pPN143, complete sequence
OW849380.1	0	0.1059	55379	46.62	ACGT	Escherichia coli isolate 162 genome assembly, plasmid: P3
OW848976.1	0	0.1059	55379	46.62	ACGT	Enterobacter cloacae isolate 96 genome assembly, plasmid: P2
OP242281.1	0	0.1059	51823	47.22	ACGT	Escherichia coli strain LA130 plasmid pLAO62, complete sequence
OP328419.1	0	0.1059	62602	47.23	ACGT	Salmonella enterica subsp. enterica serovar Rissen strain SA535 plasmid pSA535-CTX-M-27, complete sequence
MH043626.1	0	0.1059	50519	47.04	ACGT	Escherichia coli strain GDZJ004 plasmid pGDZJ004, complete sequence
KX377410.1	0	0.1059	57278	46.94	ACGT	Klebsiella pneumoniae strain WCHKP1511 plasmid pMCR_1511, complete sequence
MF990207.1	0	0.1059	50435	47.37	ACGT	Escherichia coli strain GDP6F1 plasmid pHNGDF1-1, complete sequence
MF136778.1	0	0.1059	47818	47.2	ACGT	Escherichia coli strain HKSHmcr1_P2_EC plasmid pHKSHmcr1_P2_p1, complete sequence
KY352406.1	0	0.1059	47824	47.21	ACGT	Salmonella enterica subsp. enterica serovar Typhimurium strain YL14P053 plasmid pMCR16_P053, complete sequence
MT667260.1	0	0.1059	60430	47.01	ACGT	Escherichia coli strain GDE6P124 plasmid pHNEP124, complete sequence
MN542377.1	0	0.1059	71861	48.59	ACGT	Klebsiella pneumoniae subsp. pneumoniae strain 494 plasmid pKPC2_sg1, complete sequence
MF489760.1	0	0.1059	52208	47.3	ACGT	Escherichia coli strain WCHEC-LL123 plasmid pMCR3_WCHEC-LL123, complete sequence
CP043477.1	0	0.1042	44381	62.29	ACGT	Xanthomonas hyacinthi strain CFBP 1156 plasmid unnamed, complete sequence
CP134900.1	0	0.1042	47029	46.92	ACGT	Escherichia coli strain 3797 plasmid pMB3565_2, complete sequence
MN125609.1	0	0.1042	93619	50.35	ACGT	Salmonella enterica subsp. enterica serovar Enteritidis strain 1.15-2E5 plasmid p1.15-2E5, complete sequence
LC623895.1	0	0.1042	74115	48.36	ACGT	Uncultured bacterium plasmid pMNCG082 DNA, complete sequence
CP029555.1	0	0.103	74363	63.46	ACGT	Chromobacterium phragmitis strain IIBBL 274-1 plasmid unnamed, complete sequence
CP098499.1	0	0.103	61503	61.7	ACGT	Burkholderia cenocepacia strain C6433 plasmid pBCC6433, complete sequence
GQ983559.1	0	0.103	56803	62.7	ACGT	Uncultured bacterium pAKD4 plasmid pAKD4, complete sequence
MH392246.1	0	0.103	50519	63.15	ACGT	Sym plasmid plasmid pTT60, complete sequence
LR594674.1	0	0.103	71037	61.34	ACGT	Variovorax sp. PBL-E5 genome assembly, plasmid: 4
LC623902.1	0	0.103	47983	61.52	ACGT	Uncultured bacterium plasmid pSM0227-02 DNA, complete sequence
LR594665.1	0	0.103	68393	61.2	ACGT	Variovorax sp. RA8 genome assembly, plasmid: 4
LR594670.1	0	0.103	71057	61.34	ACGT	Variovorax sp. SRS16 genome assembly, plasmid: 5
CP033354.2	0	0.1013	41696	45.37	ACGT	Salmonella enterica subsp. enterica strain CFSA664 plasmid pCFSA664-2, complete sequence
AP027835.1	0	0.1013	41696	45.37	ACGT	Escherichia coli 2017.17.03CC plasmid p2017.17.03CC_6 DNA, complete sequence
CP030221.1	0	0.1013	54912	46.38	ACGT	Salmonella enterica strain SA20021456 plasmid pSA20021456.2, complete sequence
CP057569.1	0	0.1013	41486	45.44	ACGT	Escherichia fergusonii strain RHB23-C01 plasmid pRHB23-C01_5, complete sequence
CP055103.1	0	0.1013	43384	45.74	ACGT	Shigella flexneri strain SWHIN_107 plasmid unnamed4, complete sequence
CP057780.1	0	0.1013	41696	45.36	ACGT	Escherichia coli strain RHB15-C18 plasmid pRHB15-C18_3, complete sequence
CP073612.1	0	0.1013	41465	45.3	ACGT	Escherichia coli strain 588889 plasmid p588889_3, complete sequence
CP073604.1	0	0.1013	41095	45.26	ACGT	Escherichia coli strain 591229 plasmid p591229_1, complete sequence
CP114343.1	0	0.1013	41466	45.3	ACGT	Escherichia coli strain 2022CK-00557 plasmid unnamed3, complete sequence
CP127008.1	0	0.1013	41696	45.37	ACGT	Escherichia coli strain YZ3-11 plasmid unnamed4, complete sequence
CP123653.1	0	0.1013	41464	45.29	ACGT	Salmonella enterica strain 19MN02PC03 plasmid pN19S0223-3, complete sequence
CP018090.1	0	0.0996	40857	60.51	ACGT	Xanthomonas oryzae pv. oryzae strain YN24 plasmid pXOOYN24, complete sequence
CP045957.1	0	0.0996	41464	45.29	ACGT	Salmonella enterica subsp. enterica serovar Enteritidis strain AUSMDU00010527 plasmid pAUSMDU00010527, complete sequence
KC170283.1	0	0.0996	40596	47.14	ACGT	Uncultured bacterium plasmid pDS1, complete sequence
MG869619.1	0	0.0996	29488	55.43	ACGT	Polaromonas sp. H1N plasmid pH1NP1, complete sequence
CP010416.1	0	0.0979	10435	57.36	ACGT	Azotobacter chroococcum NCIMB 8003 plasmid pAcX50a, complete sequence
CP066314.1	0	0.0979	8012	59.45	ACGT	Azotobacter chroococcum strain HR1 plasmid unnamed4, complete sequence
MN657134.1	0	0.0962	7799	64.19	ACGT	Janthinobacterium sp. strain ANT_J12B plasmid pA12BJ1, complete sequence
AP021922.1	0	0.0945	11490	60.41	ACGT	Aeromonas sp. WP2-W18-CRE-05 plasmid pWP2-W18-CRE-05_5 DNA, complete genome, strain: WP2-W18-CRE-05
CP100249.1	0	0.0928	16105	57.93	ACGT	Burkholderia glumae strain BGR28S plasmid p28s4p, complete sequence
CP026191.1	0	0.0915	12794	58.11	ACGT	Enterobacteriaceae bacterium ENNIH2 plasmid pENT-6b61, complete sequence
OK324135.1	0	0.0915	6543	63.5	ACGKMSTY	Delftia lacustris strain BR1 plasmid pBR1.1, complete sequence
CP019677.1	0	0	191387	61.56	ACGT	Burkholderia cenocepacia strain VC1254 plasmid, complete sequence
AP019854.1	0	0	39057	48.67	ACGT	Neisseria gonorrhoeae SS3160 plasmid pConjugative DNA, complete genome
CP021133.1	0	0	79891	56.09	ACGT	Pseudomonas fragi strain NMC25 plasmid unnamed1, complete sequence
AP024138.1	0	0	49174	50.33	ACGT	Aeromonas caviae KAM329 plasmid pKAM329_2 DNA, complete sequence
CP038618.1	0	0	61872	40.6	ACGT	Arsenophonus nasoniae strain FIN plasmid pArsFIN6, complete sequence
AP018378.1	0	0	39058	48.67	ACGT	Neisseria gonorrhoeae plasmid pConjugative FC428 DNA, complete genome
CP041175.1	0	0	29337	47.22	ACGT	Salmonella enterica subsp. enterica serovar Enteritidis strain SJTUF12519v2 plasmid p12519B, complete sequence
CP038614.1	0	0	222851	40.33	ACGT	Arsenophonus nasoniae strain FIN plasmid pArsFIN2, complete sequence
CP039229.1	0	0	167241	38.82	ACGT	Piscirickettsia salmonis strain SR1 plasmid unnamed2, complete sequence
CP033648.1	0	0	132944	60.62	ACGT	Burkholderia glumae strain YH43 plasmid p1_YH43, complete sequence
CP002087.1	0	0	39105	51.35	ACGT	Nitrosococcus watsonii C-113 plasmid pNWAT01, complete sequence
CP016850.1	0	0	99718	55.93	ACGT	Pseudomonas sp. TMW 2.1634 plasmid pL21564-1, complete sequence
CP011920.1	0	0	191945	61.55	ACGT	Burkholderia cenocepacia strain ST32 plasmid pBCEN1232, complete sequence
CP038156.1	0	0	21722	41.13	ACGMT	Arsenophonus endosymbiont of Aphis craccivora isolate Ash plasmid unnamed1, complete sequence
CP043872.1	0	0	41355	47.95	ACGT	Neisseria gonorrhoeae strain NG196 plasmid p1, complete sequence
CP033203.1	0	0	25634	57.29	ACGT	Xanthomonas oryzae pv. oryzae strain BXO1 plasmid pBXO1-2, complete sequence
CP043817.1	0	0	41356	47.95	ACGT	Neisseria gonorrhoeae strain NG251 plasmid p1, complete sequence
CP000756.1	0	0	81413	49.19	ACGT	Vibrio sp. 0908 plasmid p0908, complete sequence
CP046209.1	0	0	5754	18.02	ACGT	Enterobacteriaceae endosymbiont of Donacia clavipes isolate DclaSym plasmid unnamed, complete sequence
CP000451.1	0	0	65132	49.8	ACGT	Nitrosomonas eutropha C91 plasmid p1, complete sequence
CP020371.1	0	0	416864	65.97	ACGT	Candidatus Thiodictyon syntrophicum strain Cad16T plasmid pTs417, complete sequence
CP045708.1	0	0	42907	47.61	ACGT	Neisseria gonorrhoeae strain NG250 plasmid p1, complete sequence
CP046197.1	0	0	5238	19.51	ACGT	Enterobacteriaceae endosymbiont of Donacia sparganii isolate DsparSym plasmid unnamed, complete sequence
AP018382.1	0	0	39058	48.67	ACGT	Neisseria gonorrhoeae plasmid pConjugative FC460 DNA, complete genome
CP046185.1	0	0	5198	18.89	ACGT	Enterobacteriaceae endosymbiont of Donacia marginata isolate DmarSym plasmid unnamed, complete sequence
CP030841.1	0	0	62450	55.47	ACGT	Acidisarcina polymorpha strain SBC82 plasmid pACPOL1, complete sequence
AP024857.1	0	0	67344	39.03	ACGT	Photobacterium toruni CECT 9189 plasmid pCECT9189-2 DNA, complete sequence
CP046191.1	0	0	5262	20.66	ACGT	Enterobacteriaceae endosymbiont of Donacia vulgaris isolate DvulSym plasmid unnamed, complete sequence
CP033649.1	0	0	132944	60.62	ACGT	Burkholderia glumae strain YH67 plasmid p1_YH67, complete sequence
CP039236.1	0	0	156158	38.81	ACGT	Piscirickettsia salmonis strain BI1 plasmid unnamed2, complete sequence
CP001505.1	0	0	133591	60.59	ACGT	Burkholderia glumae BGR1 plasmid bglu_1p, complete sequence
CP000543.1	0	0	31194	58.61	ACGT	Verminephrobacter eiseniae EF01-2 plasmid pVEIS01, complete sequence
CP002181.1	0	0	36085	46.77	ACGT	Yersinia pestis Java 9 plasmid pJARS36, complete sequence
CP046227.1	0	0	5276	20.51	ACGT	Enterobacteriaceae endosymbiont of Plateumaris pusilla isolate PpusSym plasmid unnamed, complete sequence
CP033637.1	0	0	132944	60.62	ACGT	Burkholderia glumae strain YH38 plasmid p1_YH38, complete sequence
CP002088.1	0	0	5611	53.72	ACGT	Nitrosococcus watsonii C-113 plasmid pNWAT02, complete sequence
CP002441.1	0	0	39054	48.67	ACGT	Neisseria gonorrhoeae TCDC-NG08107 plasmid pNGTCDC08107, complete sequence
AP018386.1	0	0	39058	48.67	ACGT	Neisseria gonorrhoeae plasmid pConjugative FC498 DNA, complete genome
CP003092.1	0	0	115232	59.44	ACGT	Burkholderia sp. YI23 plasmid byi_3p, complete sequence
CP046183.1	0	0	4977	18.51	ACGT	Enterobacteriaceae endosymbiont of Donacia fulgens isolate DfulgSym plasmid unnamed, complete sequence
CP021662.1	0	0	67447	45.15	ACGT	Candidatus Fukatsuia symbiotica strain 5D plasmid p5D_Fsymbiotica-3, complete sequence
CP009994.1	0	0	36084	46.77	ACGT	Yersinia pestis strain Java9 plasmid p2, complete sequence
CP046203.1	0	0	6529	20.69	ACGT	Enterobacteriaceae endosymbiont of Donacia crassipes isolate DcraSym plasmid unnamed, complete sequence
CP034033.1	0	0	39053	48.66	ACGT	Neisseria gonorrhoeae strain FQ01 plasmid unnamed1, complete sequence
CP045833.1	0	0	41998	47.94	ACGT	Neisseria gonorrhoeae strain AUSMDU00010541 plasmid pAUSMDU00010541_01, complete sequence
CP038019.1	0	0	39819	50.56	ACGT	Eikenella exigua strain PXX plasmid unnamed1, complete sequence
AM157767.1	0	0	69966	57.5	ACGT	Uncultured bacterium IncP-1gamma plasmid QKH54 complete genome
CP039242.1	0	0	158411	38.85	ACGT	Piscirickettsia salmonis strain MR5 plasmid unnamed2, complete sequence
CP010312.1	0	0	242122	51.38	ACGT	Geoalkalibacter subterraneus strain Red1 plasmid pGSUB1, complete sequence
CP020416.2	0	0	39053	48.67	ACGT	Neisseria gonorrhoeae strain FDAARGOS_205 plasmid unnamed1, complete sequence
CP000461.1	0	0	164857	61.83	ACGT	Burkholderia cenocepacia HI2424 plasmid unnamed1, complete sequence
CP021657.1	0	0	51944	44.71	ACGT	Aeromonas salmonicida strain O23A plasmid pO23AP3, complete sequence
CP028810.1	0	0	200961	61.74	ACGT	Burkholderia contaminans strain SK875 plasmid p875, complete sequence
CP026318.1	0	0	74233	44.71	ACGT	Vibrio campbellii strain BoB-90 plasmid unnamed 2, complete sequence
CP046229.1	0	0	5108	20.48	ACGT	Enterobacteriaceae endosymbiont of Plateumaris rustica isolate PrusSym plasmid unnamed, complete sequence
CP100223.1	0	0	132941	60.62	ACGT	Burkholderia glumae strain POW17RS plasmid pow17rs1p, complete sequence
CP046610.1	0	0	152473	62.06	ACGT	Burkholderia contaminans strain XL73 plasmid unnamed1, complete sequence
CP100152.1	0	0	132942	60.62	ACGT	Burkholderia glumae strain BGR82S plasmid p82s1p, complete sequence
CP100199.1	0	0	132941	60.62	ACGT	Burkholderia glumae strain PERW1RS plasmid perw1rs1p, complete sequence
CP046211.1	0	0	5734	17.3	ACGT	Enterobacteriaceae endosymbiont of Donacia semicuprea isolate DsemSym plasmid unnamed, complete sequence
CP048909.1	0	0	39059	48.67	ACGT	Neisseria gonorrhoeae strain SRRSH203 plasmid unnamed1, complete sequence
CP042167.1	0	0	239952	61.99	ACGT	Burkholderia contaminans strain ZCC plasmid unnamed1, complete sequence
CP048251.1	0	0	42001	47.95	ACGT	Neisseria gonorrhoeae strain CT532 plasmid unnamed1, complete sequence
CP065104.1	0	0	42680	45.36	ACGT	Salmonella enterica subsp. enterica strain SENT0058 plasmid pS58-43k, complete sequence
CP046193.1	0	0	5216	19.11	ACGT	Enterobacteriaceae endosymbiont of Donacia simplex isolate DsimSym plasmid unnamed, complete sequence
CP071688.1	0	0	29336	47.22	ACGT	Salmonella sp. SAL-007 plasmid unnamed2, complete sequence
CP046225.1	0	0	5142	19.12	ACGT	Enterobacteriaceae endosymbiont of Plateumaris sericea isolate PserSym plasmid unnamed, complete sequence
CP072795.1	0	0	22458	51.66	ACGT	Thiothrix unzii strain A1 plasmid pTunz2, complete sequence
CP046494.1	0	0	26710	57.49	ACGT	Xanthomonas oryzae pv. oryzae strain BXO447 plasmid pBXO447, complete sequence
CP050254.1	0	0	32446	37.13	ACGT	Zophobihabitans entericus strain IPMB12 plasmid pIPMB12, complete sequence
CP048247.1	0	0	39072	48.67	ACGT	Neisseria gonorrhoeae strain CT602 plasmid unnamed1, complete sequence
CP046215.1	0	0	6568	19.66	ACGT	Enterobacteriaceae endosymbiont of Donacia versicolorea isolate DversSym plasmid unnamed, complete sequence
CP046195.1	0	0	6683	20.98	ACGT	Enterobacteriaceae endosymbiont of Donacia cincticornis isolate DcincSym plasmid unnamed, complete sequence
CP046233.1	0	0	5287	21.49	ACGT	Enterobacteriaceae endosymbiont of Plateumaris braccata isolate PbraSym plasmid unnamed, complete sequence
CP046480.1	0	0	25634	57.3	ACGT	Xanthomonas oryzae pv. oryzae strain IXO842 plasmid pIXO842, complete sequence
CP046221.1	0	0	6432	22.47	ACGT	Enterobacteriaceae endosymbiont of Macroplea appendiculata isolate MappSym plasmid unnamed, complete sequence
CP096917.1	0	0	20322	58.88	ACGT	Alcaligenes faecalis strain NY11312 plasmid pNY11312-NR, complete sequence
CP100158.1	0	0	132942	60.62	ACGT	Burkholderia glumae strain BGR49S plasmid p49s1p, complete sequence
CP076059.1	0	0	214655	52.1	ACGT	Escherichia coli strain DA51104 plasmid pDA51104_214, complete sequence
CP046231.1	0	0	5136	20.39	ACGT	Enterobacteriaceae endosymbiont of Plateumaris consimilis isolate PconSym plasmid unnamed, complete sequence
CP048900.1	0	0	39059	48.67	ACGT	Neisseria gonorrhoeae strain SRRSH214 plasmid unnamed1, complete sequence
CP048903.1	0	0	39059	48.67	ACGT	Neisseria gonorrhoeae strain SRRSH207 plasmid unnamed1, complete sequence
CP046213.1	0	0	6647	19.15	ACGT	Enterobacteriaceae endosymbiont of Donacia dentata isolate DdentSym plasmid unnamed, complete sequence
CP048894.1	0	0	39059	48.67	ACGT	Neisseria gonorrhoeae strain SRRSH240 plasmid unnamed1, complete sequence
CP090638.1	0	0	198595	61.81	ACGT	Burkholderia contaminans strain FFI45 plasmid unnamed1, complete sequence
CP049323.1	0	0	24666	56.69	ACGT	Caballeronia sp. SBC2 plasmid pSBC2-7, complete sequence
CP060042.1	0	0	160144	61.67	ACGT	Burkholderia cenocepacia strain PS27 plasmid pBCPS27, complete sequence
CP083720.1	0	0	107329	61.35	ACGT	Cupriavidus metallidurans strain ZM02 plasmid unnamed, complete sequence
CP046217.1	0	0	6762	23.37	ACGT	Enterobacteriaceae endosymbiont of Donacia tomentosa isolate DtomSym plasmid unnamed, complete sequence
CP100178.1	0	0	92653	60.43	ACGT	Burkholderia glumae strain BGR86S plasmid p86s3p, complete sequence
CP095284.1	0	0	39994	50.89	ACGT	Aeromonas hydrophila strain Ah2111 plasmid unnamed3, complete sequence
CP071829.1	0	0	152479	62.85	ACGT	Burkholderia anthina strain 1CH1 plasmid unnamed5, complete sequence
CP048930.1	0	0	41999	47.94	ACGT	Neisseria gonorrhoeae strain CT213 plasmid unnamed1, complete sequence
CP100205.1	0	0	132942	60.62	ACGT	Burkholderia glumae strain PW30RS plasmid pw30rs1p, complete sequence
CP091425.1	0	0	349359	48.89	ACGT	Methylobacter sp. YRD-M1 plasmid unnamed1, complete sequence
CP046223.1	0	0	6337	20.06	ACGT	Enterobacteriaceae endosymbiont of Neohaemonia nigricornis isolate NnigSym plasmid unnamed, complete sequence
CP099974.1	0	0	29336	47.22	ACGT	Salmonella enterica subsp. enterica serovar Enteritidis strain SE006 plasmid unnamed
CP048897.1	0	0	39060	48.67	ACGT	Neisseria gonorrhoeae strain SRRSH229 plasmid unnamed1, complete sequence
CP100243.1	0	0	84596	60.21	ACGT	Burkholderia glumae strain BGR22S plasmid p22s4p, complete sequence
CP050473.1	0	0	97344	47.5	ACGT	Vibrio campbellii strain LJC013 plasmid unnamed2, complete sequence
CP046490.1	0	0	25652	57.31	ACGT	Xanthomonas oryzae pv. oryzae strain IXO35 plasmid pIXO35-2, complete sequence
CP048912.1	0	0	39059	48.67	ACGT	Neisseria gonorrhoeae strain SRRSH204 plasmid unnamed1, complete sequence
CP046205.1	0	0	5119	19.77	ACGT	Enterobacteriaceae endosymbiont of Donacia cinerea isolate DcinSym plasmid unnamed, complete sequence
CP100270.1	0	0	132942	60.62	ACGT	Burkholderia glumae strain BGR68S plasmid p68s1p, complete sequence
CP100668.1	0	0	29336	47.22	ACGT	Salmonella enterica subsp. enterica serovar Enteritidis strain R18.1630 plasmid pR18.1630_29k, complete sequence
CP043813.1	0	0	41357	47.96	ACGT	Neisseria gonorrhoeae strain NG290 plasmid p1, complete sequence
CP053819.1	0	0	80721	46.35	ACGT	Vibrio cholerae strain SA7G plasmid pSA7G2, complete sequence
CP058628.1	0	0	42950	63.79	ACGT	Chitinibacter bivalviorum strain 2T18 plasmid unnamed2, complete sequence
CP070495.1	0	0	70104	50.57	ACGT	Methylomonas sp. EFPC1 plasmid unnamed, complete sequence
CP100180.1	0	0	88624	61.71	ACGT	Burkholderia glumae strain BGR86S plasmid p86s5p, complete sequence
CP046201.1	0	0	6615	21.13	ACGT	Enterobacteriaceae endosymbiont of Donacia piscatrix isolate DpisSym plasmid unnamed, complete sequence
CP090644.1	0	0	199797	61.79	ACGT	Burkholderia contaminans strain LMG 23361 plasmid unnamed2, complete sequence
CP083579.1	0	0	48702	61.42	ACGT	Xanthomonas phaseoli pv. manihotis strain CHN01 plasmid pXAM48, complete sequence
CP046830.1	0	0	78934	48.56	ACGT	Vibrio parahaemolyticus strain 2012AW-0224 plasmid unnamed1, complete sequence
CP046219.1	0	0	6327	22.73	ACGMTY	Enterobacteriaceae endosymbiont of Macroplea mutica isolate MmutSym plasmid unnamed, complete sequence
CP046187.1	0	0	5086	20.76	ACGT	Enterobacteriaceae endosymbiont of Donacia bicoloricornis isolate DbicSym plasmid unnamed, complete sequence
CP046189.1	0	0	5482	20.03	ACGT	Enterobacteriaceae endosymbiont of Donacia thalassina isolate DthaSym plasmid unnamed, complete sequence
CP075772.1	0	0	204064	57.75	ACGT	Pseudomonas aeruginosa strain PaLo532 plasmid pPALO532, complete sequence
CP050931.1	0	0	41356	47.95	ACGT	Neisseria gonorrhoeae strain NG211 plasmid p1, complete sequence
CP116673.1	0	0	188317	58.84	ACGT	Xanthomonas hortorum pv. pelargonii strain 305 plasmid unnamed1, complete sequence
CP048255.1	0	0	42003	47.95	ACGT	Neisseria gonorrhoeae strain CT530 plasmid unnamed1, complete sequence
CP046199.1	0	0	6453	21.03	ACGT	Enterobacteriaceae endosymbiont of Donacia proxima isolate DproxSym plasmid unnamed, complete sequence
CP046207.1	0	0	6377	21.72	ACGT	Enterobacteriaceae endosymbiont of Donacia provostii isolate DprovSym plasmid unnamed, complete sequence
CP053824.1	0	0	80726	46.35	ACGNT	Vibrio cholerae strain E7G plasmid pE7G, complete sequence
CP084270.1	0	0	202006	59.88	ACGT	Caballeronia sp. Lep1P3 plasmid p2, complete sequence
CP100170.1	0	0	132942	60.62	ACGT	Burkholderia glumae strain BGR59S plasmid p59s1p, complete sequence
CP048906.1	0	0	39059	48.67	ACGT	Neisseria gonorrhoeae strain SRRSH205 plasmid unnamed1, complete sequence
CP075702.1	0	0	40792	45.4	ACGT	Escherichia coli strain STEC2018-607 plasmid pSTEC2018_607-e, complete sequence
CP068762.1	0	0	42003	47.95	ACGT	Neisseria gonorrhoeae strain 20181204 plasmid unnamed1, complete sequence
CP090528.1	0	0	106308	61.36	ACGT	Cupriavidus metallidurans strain ZM16 plasmid unnamed, complete sequence
CP061235.1	0	0	41448	45.33	ACGT	Escherichia coli strain STEC639 plasmid pSTEC639_3, complete sequence
CP097847.1	0	0	41997	47.94	ACGT	Neisseria gonorrhoeae strain AT159 plasmid pConj, complete sequence
FP340277.1	0	0	27212	57.34	ACGT	Xanthomonas albilineans str. GPE PC73, plasmid, complete genome
CP130147.1	0	0	123248	60.21	ACGT	Burkholderia glumae strain BD_21g plasmid p1_21g, complete sequence
CP125222.1	0	0	29336	47.22	ACGT	Salmonella enterica subsp. enterica serovar Enteritidis strain sm140 plasmid unnamed2, complete sequence
CP123493.1	0	0	47157	38.52	ACGT	Arsenophonus nasoniae strain aIh plasmid paIh3, complete sequence
CP100164.1	0	0	132942	60.62	ACGT	Burkholderia glumae strain BGR57S plasmid p57s1p, complete sequence
CP121122.1	0	0	16016	47.94	ACGT	Thiomicrospira sp. R3 plasmid unnamed
CP116343.1	0	0	42004	47.95	ACGT	Neisseria gonorrhoeae strain SE690. plasmid pConj, complete sequence
CP106778.1	0	0	39245	48.78	ACGT	Neisseria gonorrhoeae strain 10727 plasmid pConjugative, complete sequence
CP100211.1	0	0	132942	60.62	ACGT	Burkholderia glumae strain EW10RS plasmid pew10rs1p, complete sequence
CP123573.1	0	0	32543	36.62	ACGT	Arsenophonus nasoniae strain aNv_UK plasmid paNv_UK12, complete sequence
CP100146.1	0	0	132942	60.62	ACGT	Burkholderia glumae strain BGR39S plasmid p39s1p, complete sequence
CP106919.1	0	0	39054	48.68	ACGT	Neisseria gonorrhoeae strain 9071 plasmid pConjugative, complete sequence
CP120839.1	0	0	4852	59.71	ACGT	Salmonella enterica subsp. enterica strain 21A plasmid unnamed2, complete sequence
CP117189.1	0	0	205161	50.61	ACGT	Salmonella enterica subsp. diarizonae strain S499V plasmid unnamed1, complete sequence
EU287476.1	0	0	19091	60.09	ACGT	Proteus mirabilis plasmid R772 transposon Tn511, complete sequence
CP103873.1	0	0	89029	55.42	ACGT	Herbaspirillum huttiense strain ZXN111 plasmid unnamed, complete sequence
CP123513.1	0	0	34461	37.49	ACGT	Arsenophonus nasoniae strain aPv plasmid paPv9, complete sequence
CP123556.1	0	0	32523	36.62	ACGT	Arsenophonus nasoniae strain aNv_CH plasmid paNv_CH12, complete sequence
CP122303.1	0	0	4852	59.71	ACGT	Salmonella enterica strain 27A plasmid unnamed2, complete sequence
CP123532.1	0	0	44231	41.72	ACGT	Arsenophonus nasoniae strain aNv_CAN plasmid paNv_CAN9, complete sequence
CP102465.1	0	0	240894	62	ACGT	Burkholderia contaminans strain NML151013 plasmid unnamed1, complete sequence
CP123524.1	0	0	226576	40.45	ACGT	Arsenophonus nasoniae strain aNv_CAN plasmid paNv_CAN1, complete sequence
CP100276.1	0	0	132942	60.62	ACGT	Burkholderia glumae strain BGR73S plasmid p73s1p, complete sequence
CP123549.1	0	0	63188	40.53	ACGT	Arsenophonus nasoniae strain aNv_CH plasmid paNv_CH5, complete sequence
FP475957.1	0	0	46756	60.49	ACGT	Thiomonas sp. str. 3As plasmid pTHI, complete genome
CP100193.1	0	0	132942	60.62	ACGT	Burkholderia glumae strain TW34RS plasmid ptw34rs1p, complete sequence
CP123545.1	0	0	222764	40.29	ACGT	Arsenophonus nasoniae strain aNv_CH plasmid paNv_CH1, complete sequence
CP100552.1	0	0	79836	59.35	ACGT	Pseudomonas sp. KHPS1 plasmid unnamed, complete sequence
CP126142.1	0	0	29336	47.23	ACGT	Salmonella enterica subsp. enterica serovar Enteritidis strain DSE06 plasmid unnamed2, complete sequence
CP123505.1	0	0	144708	40.91	ACGT	Arsenophonus nasoniae strain aPv plasmid paPv1, complete sequence
CP138341.1	0	0	39060	48.67	ACGT	Neisseria gonorrhoeae strain TH2288 plasmid pConj, complete sequence
GU479466.1	0	0	42004	47.95	ACGT	Neisseria gonorrhoeae strain 5289 plasmid pEP5289, complete sequence
CP123492.1	0	0	64846	42.32	ACGT	Arsenophonus nasoniae strain aIh plasmid paIh2, complete sequence
CP123566.1	0	0	62907	40.51	ACGT	Arsenophonus nasoniae strain aNv_UK plasmid paNv_UK5, complete sequence
CP123535.1	0	0	39762	37.11	ACGT	Arsenophonus nasoniae strain aNv_CAN plasmid paNv_CAN12, complete sequence
CP100217.1	0	0	132943	60.62	ACGT	Burkholderia glumae strain SW2RS plasmid psw2rs1p, complete sequence
CP123562.1	0	0	220475	40.22	ACGT	Arsenophonus nasoniae strain aNv_UK plasmid paNv_UK1, complete sequence
CP103843.1	0	0	189458	58.85	ACGT	Xanthomonas hortorum pv. pelargonii strain 22-324 plasmid unnamed1, complete sequence
HG803186.1	0	0	79258	46.39	ACGT	Vibrio vulnificus 48/10 plasmid p48/10 complete sequence
CP138344.1	0	0	39060	48.67	ACGT	Neisseria gonorrhoeae strain TH1713 plasmid pConj, complete sequence
FN691998.1	0	0	22305	47.48	ACGT	Photorhabdus asymbiotica plasmid pPAA3 complete sequence, strain Kingscliff
CP123506.1	0	0	104007	39.03	ACGT	Arsenophonus nasoniae strain aPv plasmid paPv2, complete sequence
CP106822.1	0	0	39054	48.67	ACGT	Neisseria gonorrhoeae strain 10529 plasmid pConjugative, complete sequence
CP100229.1	0	0	132943	60.62	ACGT	Burkholderia glumae strain SEW1RS plasmid pse1rs1p, complete sequence
CP102470.1	0	0	240902	62	ACGT	Burkholderia contaminans strain NML151067 plasmid unnamed1, complete sequence
CP124987.1	0	0	73681	53.82	ACGT	Escherichia coli strain KSE-C30 plasmid pKSE-C30_2, complete sequence
CP123529.1	0	0	53252	40.5	ACGT	Arsenophonus nasoniae strain aNv_CAN plasmid paNv_CAN6, complete sequence
CP100247.1	0	0	136971	60.44	ACGT	Burkholderia glumae strain BGR28S plasmid p28s2p, complete sequence
CP123537.1	0	0	35911	37.55	ACGT	Arsenophonus nasoniae strain aNv_CAN plasmid paNv_CAN14, complete sequence
CR522871.1	0	0	121587	43.61	ACGT	Desulfotalea psychrophila LSv54, large plasmid
CP119193.1	0	0	77169	40.23	ACGT	Xenorhabdus sp. SF857 plasmid unnamed
LC623892.1	0	0	53339	51.71	ACGT	Uncultured bacterium plasmid pMNBM077 DNA, complete sequence
LR828258.1	0	0	224704	58.07	ACGT	Xanthomonas hortorum pv. vitians strain CFBP 498 genome assembly, plasmid: CFBP498_p224
LT591899.1	0	0	42004	47.95	ACGT	Neisseria gonorrhoeae strain WHO G genome assembly, plasmid: 2
LC735979.1	0	0	25677	59.13	ACGT	Aeromonas veronii bv. veronii 12BC2 plasmid p12BC2_GES-5 DNA, complete sequence
MT296568.1	0	0	42004	47.92	ACGT	Neisseria gonorrhoeae strain 266 plasmid pB, complete sequence
LR890526.1	0	0	114206	61.82	ACGT	Burkholderia cepacia isolate MINF_4A-sc-2280433 genome assembly, plasmid: 4
KJ680225.1	0	0	33405	64.04	ACGT	Uncultured bacterium plasmid PLAsvaD clone PLAsvaD-1, complete sequence
MT296560.1	0	0	39054	48.67	ACGT	Neisseria gonorrhoeae strain 140 plasmid pB, complete sequence
LT592148.1	0	0	39015	48.68	ACGT	Neisseria gonorrhoeae strain WHO O genome assembly, plasmid: 3
LT591902.1	0	0	39054	48.67	ACGT	Neisseria gonorrhoeae strain WHO L genome assembly, plasmid: 2
JX194160.1	0	0	36689	59.48	ACGT	Uncultured bacterium plasmid pM02_c6 clone c6, complete sequence
MT296571.1	0	0	42005	47.95	ACGT	Neisseria gonorrhoeae strain 297 plasmid pB, complete sequence
KP008371.1	0	0	127970	51.69	ACGT	Klebsiella pneumoniae strain 565 plasmid PKPCAPSS, complete sequence
LT592164.1	0	0	39054	48.67	ACGT	Neisseria gonorrhoeae strain WHO_W genome assembly, plasmid: 2
MT296576.1	0	0	43015	47.57	ACGT	Neisseria gonorrhoeae strain 324 plasmid pB, complete sequence
MT296573.1	0	0	42004	47.95	ACGT	Neisseria gonorrhoeae strain 314 plasmid pB, complete sequence
MT296565.1	0	0	42003	47.94	ACGT	Neisseria gonorrhoeae strain 224 plasmid pB, complete sequence
MG692718.1	0	0	2996	59.18	ACGT	Escherichia coli TCJ482-1 plasmid p482-1 contig COV43U1_c13 genomic sequence
LC620533.1	0	0	103535	49.47	ACGT	Escherichia coli I66 plasmid pI66 DNA, complete sequence
LT591906.1	0	0	39015	48.68	ACGT	Neisseria gonorrhoeae strain WHO M genome assembly, plasmid: 3
LC623917.1	0	0	43728	55.38	ACGT	Uncultured bacterium plasmid pYKBG036 DNA, complete sequence
LC623911.1	0	0	69067	54.12	ACGT	Uncultured bacterium plasmid pYKAM101 DNA, complete sequence
LT591912.1	0	0	42004	47.95	ACGT	Neisseria gonorrhoeae strain WHO N genome assembly, plasmid: 3
MG869620.1	0	0	82545	59.64	ACGT	Polaromonas sp. H6N plasmid pH6NP1, complete sequence
